"term","num_suicide_female","num_suicide_male","num_suicide_total","pop_total","pop_male","pop_female","query_suicide","query_depression","query_anxiety","query_suicide_methods","query_abuse","query_commit_suicide","query_loneliness","query_divorce","query_unemployment","query_how_to_commit_suicide","query_manic_depression","query_social_welfare","query_kill_yourself","query_alcohol","query_suicide_ideation","query_suicide_hotline","query_suicide_help","query_severe_depression","query_suicide_attempt","query_insomnia","query_headache","query_suicidal_thoughts","query_how_to_kill_yourself","query_major_depression","query_schizophrenia","query_stress","query_anxiety_disorder","query_marriage","query_bipolar_disorder","query_cancer","query_asthma","query_pain","query_antidepressant","query_relationship_breakup","query_allergy","query_teen_suicide","query_job","query_drunkenness","query_hanging","query_illicit_drugs","query_social_benefits","query_hydrogen_sulfide","query_stock_market","query_domestic_violence","query_hypnotics","query_charcoal_burning","query_chronic_illness","query_suicide_prevention","query_lawsuit","query_alcohol_abstinence","query_religious_belief","suicide_rate_total","suicide_rate_male","suicide_rate_female"
2004-01-01,549,2075,2624,291553190,143212968,148340222,20,89,38,81,34,38,81,54,27,83,96,74,49,65,0,14,74,46,6,51,28,0,64,58,72,79,86,58,64,76,81,34,65,45,43,76,55,69,16,68,28,46,27,56,56,30,55,23,74,0,41,0.900007302269613,1.44889113673002,0.370095172164432
2004-02-01,545,1964,2509,291716878,143293372,148423506,23,96,35,78,39,45,100,52,25,83,94,100,44,70,0,12,83,36,7,52,27,13,50,50,81,84,83,85,72,75,87,36,76,64,39,93,52,25,15,80,32,78,27,65,100,73,36,25,72,100,33,0.860080505866376,1.37061468551386,0.367192511946187
2004-03-01,585,2260,2845,291888226,143377540,148510686,22,96,39,87,44,40,76,55,23,79,68,52,27,66,37,25,90,45,10,53,28,6,51,49,93,97,91,76,80,79,100,33,80,60,51,100,52,45,17,87,30,61,26,66,54,0,58,21,71,0,73,0.974688167106816,1.57625803874163,0.393911048259517
2004-04-01,564,2154,2718,292108553,143485766,148622787,23,96,40,97,46,47,96,52,23,77,100,83,52,74,100,15,100,19,4,50,25,0,60,76,100,96,100,68,78,83,90,34,90,81,55,96,52,37,17,84,29,65,25,74,45,0,61,31,64,0,100,0.930476006979501,1.50119420207855,0.379484203858995
2004-05-01,603,2168,2771,292350184,143604457,148745727,21,82,37,100,100,40,90,50,19,69,72,66,59,67,17,16,82,45,8,47,25,0,65,52,79,80,86,67,66,80,85,35,79,39,52,86,54,36,17,62,28,57,21,58,37,0,44,24,64,0,51,0.947835900797654,1.5097024460738,0.405389796508239
2004-06-01,596,2126,2722,292571704,143713269,148858435,18,64,37,72,31,38,63,54,20,90,66,63,42,54,0,10,83,36,5,37,25,13,44,57,61,72,71,62,57,77,67,35,69,46,49,42,52,75,16,26,32,49,18,50,79,0,77,20,67,0,32,0.930370217893662,1.47933452129601,0.400380401688356
2004-07-01,631,2280,2911,292805298,143828012,148977286,20,62,39,89,29,28,64,56,21,60,67,57,47,58,0,15,74,38,10,45,30,13,58,44,55,74,80,65,60,76,64,38,79,34,47,27,53,0,18,42,30,61,17,51,0,0,69,20,74,0,33,0.994176000189723,1.585226666416,0.423554500784771
2004-08-01,607,2136,2743,293057495,143951893,149105602,15,66,39,66,27,31,72,50,20,54,89,60,44,57,24,20,43,34,6,45,32,14,54,32,53,76,85,59,72,75,64,37,79,0,50,22,52,50,17,29,32,64,17,46,83,27,49,22,69,43,28,0.935993805584123,1.48382904558261,0.40709402722508
2004-09-01,573,2142,2715,293309033,144075450,149233583,19,77,41,73,30,30,68,45,20,61,78,92,38,71,0,19,72,51,9,46,30,28,48,57,71,97,90,58,87,85,76,37,81,75,50,51,51,41,17,22,30,72,18,57,32,37,65,28,66,0,56,0.925644864132091,1.48672102013216,0.383961832505221
2004-10-01,544,2228,2772,293573356,144205287,149368069,20,81,39,83,36,40,88,51,19,93,95,92,42,77,9,14,87,54,9,46,32,16,60,70,79,94,88,62,78,100,83,39,100,61,47,66,48,0,16,100,29,58,22,74,62,38,47,26,84,29,41,0.944227377364586,1.54501963579186,0.36420099934478
2004-11-01,574,2068,2642,293801454,144317331,149484123,22,90,39,91,37,51,86,50,20,100,69,88,45,76,16,11,65,13,18,48,27,15,64,100,95,100,85,68,84,93,91,37,80,59,42,88,45,21,20,83,31,67,27,67,32,29,64,28,70,0,72,0.899246740964053,1.43295332977021,0.383987267999024
2004-12-01,502,1965,2467,294015263,144422355,149592908,21,77,33,67,30,35,67,46,19,54,79,66,41,69,13,19,77,52,13,46,27,17,53,48,77,78,73,56,72,81,71,35,77,100,40,65,42,32,18,73,28,40,24,56,31,100,55,22,64,0,70,0.839072085859706,1.36059268663774,0.335577405848678
2005-01-01,557,2146,2703,294230649,144565248,149665401,19,80,38,81,33,40,77,52,22,88,60,54,38,67,25,17,62,25,8,53,28,5,44,42,65,75,76,51,67,85,80,37,71,82,43,67,51,42,16,32,41,48,23,48,42,0,71,21,71,26,40,0.918667042059238,1.48445081351778,0.372163503574216
2005-02-01,510,1944,2454,294380349,144638801,149741548,26,91,38,54,37,53,71,49,19,64,79,76,43,70,0,14,85,30,100,50,32,16,73,43,73,86,76,58,69,86,81,36,78,40,41,70,49,36,16,49,40,70,26,61,97,0,58,30,73,0,49,0.833615425872058,1.34403769013544,0.340586835658998
2005-03-01,577,2249,2826,294558690,144726426,149832264,30,95,36,72,40,41,80,57,18,61,74,76,43,71,0,17,86,0,21,50,32,10,66,64,84,83,73,56,75,82,92,35,80,58,50,81,48,42,15,19,35,48,24,63,68,0,75,31,66,0,56,0.959401333567854,1.55396637791636,0.385097297869036
2005-04-01,580,2224,2804,294784353,144837301,149947052,23,100,40,81,47,44,74,51,18,84,77,77,46,74,0,14,65,38,9,50,28,8,37,63,94,88,75,61,77,91,99,39,78,53,64,86,49,72,16,31,35,70,23,73,26,19,70,33,65,0,29,0.95120381101096,1.53551604776176,0.386803203039964
2005-05-01,587,2309,2896,295030999,144958487,150072512,21,93,35,61,39,46,81,54,18,80,68,69,49,71,31,18,80,45,11,45,29,16,62,67,83,82,69,58,72,87,91,39,73,71,57,76,51,54,17,47,31,63,20,56,87,27,69,28,61,41,52,0.981591768260257,1.59286982624205,0.391144248988116
2005-06-01,590,2173,2763,295262724,145072341,150190383,16,62,36,55,26,35,69,54,17,74,64,52,43,61,0,13,61,37,10,46,30,14,48,55,57,69,69,56,66,79,67,39,68,86,56,31,50,20,16,37,24,43,16,46,0,19,35,19,68,33,24,0.935776776211006,1.4978733954531,0.392834739625106
2005-07-01,565,2268,2833,295516599,145197078,150319521,18,60,37,56,24,26,51,55,19,49,57,46,51,63,0,22,57,42,14,49,33,9,53,41,53,65,65,53,58,78,66,39,71,48,49,23,47,54,17,43,25,51,16,43,56,0,39,16,61,0,18,0.958660193568349,1.56201490501069,0.375866019424051
2005-08-01,562,2190,2752,295771752,145322443,150449309,14,51,38,46,23,29,54,54,17,54,60,40,43,60,13,10,59,47,8,48,30,11,40,36,43,64,67,49,56,81,66,40,68,50,49,17,47,47,16,30,28,48,16,40,59,25,50,14,67,0,30,0.93044720511376,1.5069936582335,0.373547744243877
2005-09-01,551,2219,2770,296040189,145454335,150585854,19,62,39,54,29,40,74,53,19,71,51,69,50,68,0,15,69,17,12,46,29,13,64,46,57,76,73,53,57,77,77,38,54,33,46,38,47,85,16,31,25,89,18,56,55,0,36,23,57,27,51,0.935683769611429,1.52556470730144,0.365904223646399
2005-10-01,624,2094,2718,296306871,145585365,150721506,24,89,38,68,36,36,80,56,18,59,60,68,48,75,10,18,76,40,8,52,30,10,50,51,71,91,72,54,65,81,77,38,72,40,44,59,43,53,16,34,29,77,21,69,84,33,64,26,63,0,63,0.917292262183147,1.43833138722426,0.414008602063729
2005-11-01,523,2049,2572,296514546,145687402,150827144,23,93,37,59,38,40,77,58,18,82,63,74,37,77,9,16,67,35,11,43,30,15,52,55,89,88,69,55,67,76,83,38,69,50,44,62,40,0,18,79,28,69,23,62,50,0,62,21,67,23,69,0.867411071293615,1.40643595250604,0.346754560306466
2005-12-01,504,2042,2546,296762293,145809129,150953164,23,77,31,68,27,37,85,51,19,60,59,58,42,70,8,14,85,41,13,41,26,16,49,49,71,70,60,46,64,66,65,34,60,60,40,52,38,52,18,77,26,54,20,49,66,50,61,17,60,30,46,0.857925706888914,1.40046100954351,0.333878394228292
2006-01-01,526,2204,2730,296987570,145962959,151024611,20,88,35,63,31,34,67,56,23,73,49,66,43,70,9,17,79,33,13,46,32,15,50,41,58,66,65,49,59,78,82,40,66,37,44,51,47,51,17,26,29,56,24,44,0,0,59,17,66,15,45,0.919230390686048,1.50997212929891,0.348287604594459
2006-02-01,523,1901,2424,297219147,146076774,151142373,21,86,36,48,35,33,64,52,19,57,57,66,45,67,0,14,74,37,13,44,31,13,53,47,62,82,66,50,60,73,81,38,64,84,42,45,44,35,16,22,32,59,22,50,22,0,47,17,62,26,52,0.815559840093344,1.30137046975038,0.346031354159035
2006-03-01,558,2205,2763,297423035,146176981,151246054,21,93,34,63,36,35,87,51,19,60,60,62,45,68,12,19,77,40,8,48,31,17,70,67,72,86,67,51,76,86,84,40,71,34,45,58,45,63,14,35,28,60,22,57,77,14,53,20,66,34,35,0.928979828344499,1.50844543711024,0.36893524508084
2006-04-01,613,2231,2844,297649663,146288363,151361300,21,85,34,45,35,31,73,53,20,58,58,58,42,68,11,15,71,44,10,43,28,11,54,63,79,88,68,52,71,78,82,37,75,31,53,53,45,85,16,58,30,46,21,61,66,0,63,22,63,62,49,0.955485711401595,1.52507004265268,0.404991236201063
2006-05-01,632,2320,2952,297869406,146396362,151473044,19,80,34,53,33,37,69,51,19,67,52,48,33,64,18,13,64,40,13,42,29,11,45,64,74,76,66,55,70,78,81,39,68,41,59,47,48,23,16,38,27,51,21,54,59,32,55,20,60,22,44,0.991038334430358,1.58473883387895,0.417235953877048
2006-06-01,583,2292,2875,298118142,146518611,151599531,20,58,32,67,23,37,62,54,20,88,50,41,38,58,8,14,65,29,10,38,31,13,58,46,47,66,54,56,60,77,67,40,62,32,48,27,46,36,17,36,28,39,19,43,0,0,50,13,59,21,34,0.96438277144502,1.56430639381368,0.384565833518311
2006-07-01,604,2380,2984,298379912,146647265,151732647,18,53,33,40,20,29,64,57,21,52,49,41,32,60,0,13,56,37,11,38,31,9,58,51,42,58,55,50,52,72,54,38,60,43,41,16,44,22,18,10,31,43,16,39,27,27,54,15,57,39,31,1.00006732356701,1.62294196212933,0.398068584409524
2006-08-01,597,2213,2810,298630579,146770462,151860117,15,54,33,43,19,24,59,56,19,47,46,45,35,56,10,19,55,33,11,41,31,13,48,34,40,58,54,47,55,73,59,39,63,58,49,10,47,37,16,35,29,48,16,39,19,25,46,16,54,0,22,0.940961909999177,1.50779657558072,0.393124944056246
2006-09-01,612,2112,2724,298908360,146906986,152001374,19,65,31,53,26,32,65,53,18,51,47,61,35,63,0,15,48,29,32,43,31,12,54,38,51,75,60,47,59,78,65,40,71,47,47,38,43,41,16,34,29,80,17,46,28,0,59,18,54,0,49,0.911316097013814,1.43764436090194,0.402627939402706
2006-10-01,619,2247,2866,299159981,147030652,152129329,20,75,34,59,33,36,65,61,21,62,48,59,35,67,7,17,62,35,15,42,30,12,46,60,61,84,60,51,66,92,73,40,67,37,41,44,43,59,16,52,31,66,23,68,69,36,53,20,54,16,43,0.958015838355064,1.52825276187988,0.406890639739823
2006-11-01,587,2110,2697,299395746,147146525,152249221,19,77,33,50,31,28,58,65,20,41,46,49,32,63,6,16,82,33,10,44,30,12,47,55,66,81,63,54,67,75,71,39,57,27,39,40,40,48,17,52,31,57,20,61,33,0,70,23,57,0,32,0.900814402352931,1.43394483831677,0.385552054811499
2006-12-01,538,2093,2631,299658194,147275513,152382681,17,60,29,48,25,31,65,47,20,61,49,56,40,61,6,17,64,43,8,36,28,10,57,48,58,66,56,42,57,68,63,37,64,26,36,28,35,66,85,26,26,41,19,43,48,0,53,19,47,17,41,0.878000352628435,1.4211459579163,0.353058494882368
2007-01-01,585,2256,2841,299890446,147405827,152484619,17,68,34,34,25,25,54,51,27,44,40,46,41,61,7,14,57,39,8,42,31,11,52,36,48,68,54,45,56,74,64,42,59,34,40,30,48,21,100,43,37,55,20,40,55,22,49,16,53,30,35,0.947345951794676,1.53046867000719,0.383645251459755
2007-02-01,525,1948,2473,300095558,147506646,152588912,18,72,33,47,27,30,61,48,22,46,44,56,44,64,8,17,52,36,10,43,30,9,65,48,54,75,56,47,59,77,76,42,63,35,33,39,43,47,14,42,34,59,27,47,63,0,62,21,55,12,59,0.824070844794044,1.32061846216746,0.344061696959999
2007-03-01,615,2339,2954,300288381,147601425,152686956,19,76,33,34,30,30,55,50,20,58,46,58,41,64,3,15,48,37,31,40,32,13,56,55,62,77,64,44,66,78,66,41,61,35,51,41,44,47,15,38,31,44,29,47,64,19,56,21,50,21,40,0.983721045137607,1.58467304770262,0.402784898010541
2007-04-01,599,2193,2792,300511531,147711110,152800421,19,77,34,35,32,31,56,52,22,58,46,58,81,65,11,14,66,34,9,39,28,14,52,56,69,80,56,49,72,74,67,41,63,32,54,37,44,42,15,49,34,54,21,52,37,13,71,20,52,0,45,0.92908248502451,1.48465474262566,0.392014626713627
2007-05-01,639,2450,3089,300728176,147817598,152910578,16,73,32,51,30,31,52,51,20,51,40,46,71,64,0,14,52,44,7,37,29,18,56,52,67,70,57,48,63,80,69,44,63,46,62,34,50,46,16,51,31,52,19,47,53,22,61,19,57,22,44,1.02717345647054,1.65744812062228,0.417891298533971
2007-06-01,646,2269,2915,300968228,147935591,153032637,16,56,32,48,23,30,47,51,21,55,38,40,87,64,8,14,39,45,10,38,31,7,55,42,44,65,51,47,54,71,58,45,56,28,53,21,46,37,15,19,31,34,17,39,47,18,48,13,58,0,46,0.96854077235023,1.53377560103167,0.422132175635188
2007-07-01,645,2443,3088,301231207,148064854,153166353,15,50,31,44,23,26,46,56,22,50,39,37,97,60,11,14,43,36,9,43,31,16,51,35,42,62,50,47,52,71,53,44,61,38,45,14,45,27,16,29,29,27,20,38,57,0,38,16,59,28,17,1.02512619152371,1.64995266195987,0.421110764450989
2007-08-01,624,2374,2998,301500377,148197160,153303217,19,50,32,32,22,34,49,55,21,49,36,47,61,56,4,13,49,33,90,43,33,8,61,35,36,62,53,46,53,72,60,43,49,38,49,13,47,33,15,0,30,44,28,38,9,0,44,15,51,9,29,0.994360282342201,1.60192003679423,0.40703646812578
2007-09-01,613,2338,2951,301772224,148330781,153441443,20,63,37,37,26,32,51,55,20,43,47,55,64,62,5,14,62,43,56,46,32,13,66,51,52,73,57,43,73,80,67,45,59,38,55,28,45,52,16,34,30,60,18,46,49,9,47,23,51,23,41,0.977889867027656,1.57620689666564,0.399500935350302
2007-10-01,682,2309,2991,302026271,148455654,153570617,19,70,39,39,30,30,54,56,23,40,43,58,53,69,9,16,63,41,17,66,30,16,51,58,59,83,61,46,79,92,69,46,63,19,49,36,44,52,15,47,38,61,26,58,40,11,68,23,63,13,45,0.990311203756179,1.55534662223104,0.444095370144928
2007-11-01,600,2194,2794,302287110,148583864,153703246,19,72,36,39,31,31,62,58,22,50,49,57,55,64,9,20,53,46,14,46,29,16,56,63,69,82,55,43,75,71,70,45,56,28,42,47,40,60,17,55,35,73,28,54,46,29,58,22,53,29,43,0.924286847692579,1.47660717721004,0.390362608217136
2007-12-01,556,2156,2712,302533358,148704903,153828455,17,62,29,42,26,31,53,51,24,45,38,56,51,60,12,15,54,39,14,41,29,15,49,56,61,63,52,39,64,62,57,47,51,34,37,34,38,40,15,24,28,42,23,38,61,31,39,16,46,22,44,0.896430072349245,1.4498513206387,0.361441581143099
2008-01-01,687,2349,3036,302754346,148831405,153922941,18,66,36,47,25,32,45,54,30,51,38,51,49,61,3,16,52,41,14,49,26,16,49,47,50,68,53,44,73,69,62,48,58,47,47,27,48,35,15,41,39,51,37,38,51,14,49,15,61,18,37,1.00279320185217,1.57829592484194,0.446327230714751
2008-02-01,552,2233,2785,302966260,148935581,154030679,18,72,36,36,28,29,57,49,25,49,40,61,46,62,11,20,57,31,13,49,30,17,50,47,58,78,53,45,72,70,60,47,56,37,43,35,46,36,15,38,39,59,26,44,43,21,59,21,56,22,47,0.919244274923551,1.49930593146845,0.35837016598492
2008-03-01,631,2413,3044,303185074,149043148,154141926,18,77,36,52,30,31,58,52,26,53,38,58,48,58,8,20,58,38,17,49,26,18,59,48,59,76,55,46,65,81,69,47,61,38,52,38,49,39,15,60,39,60,30,47,35,6,56,18,69,19,49,1.00400720914117,1.61899425259053,0.409362991870233
2008-04-01,606,2452,3058,303381938,149139924,154242014,20,72,36,57,35,35,53,56,26,54,40,56,46,64,13,19,59,37,15,46,30,21,62,63,68,81,62,46,67,78,67,48,60,29,60,49,49,26,16,48,39,100,23,51,54,14,57,20,57,13,47,1.00797035583575,1.64409363652351,0.39288906069393
2008-05-01,672,2494,3166,303616954,149255456,154361498,18,71,33,46,28,34,49,51,25,54,37,46,44,64,11,19,51,45,14,38,27,15,52,57,65,74,54,51,65,76,64,49,56,26,62,33,48,48,18,38,32,82,19,42,50,23,47,15,55,8,33,1.0427612681998,1.67096069171502,0.435341719733764
2008-06-01,628,2468,3096,303847001,149368545,154478456,16,50,34,38,22,30,47,53,29,58,38,42,46,56,3,20,53,38,12,39,32,16,51,37,43,64,48,49,52,72,58,50,56,33,52,18,47,10,16,22,27,52,17,36,41,18,49,15,51,0,39,1.01893386796995,1.65228897422814,0.406529179706457
2008-07-01,636,2492,3128,304093966,149489951,154604015,16,49,34,44,21,30,40,56,33,52,36,38,44,57,11,20,49,41,11,47,30,18,49,36,43,62,48,45,45,71,54,46,53,37,51,16,50,43,16,24,32,41,21,38,35,19,42,15,57,24,47,1.02862942042066,1.6670016836115,0.41137353386327
2008-08-01,674,2350,3024,304357665,149619583,154738082,15,45,36,34,19,24,41,52,31,43,34,39,39,53,10,16,44,38,11,40,31,16,50,28,39,60,46,44,42,72,53,47,55,31,50,13,45,24,15,18,30,44,15,32,45,0,57,15,52,0,32,0.993567880079511,1.57065001310691,0.435574741064711
2008-09-01,672,2443,3115,304614210,149745698,154868512,17,76,36,52,23,34,53,51,36,52,35,57,76,59,11,22,53,37,12,43,29,17,60,45,56,72,51,45,60,81,56,49,58,30,50,23,48,46,15,24,29,64,57,44,57,22,48,23,54,16,53,1.02260495332769,1.63143251033495,0.433916482648196
2008-10-01,640,2371,3011,304858602,149865839,154992763,19,93,37,70,27,37,53,57,41,57,41,62,68,64,7,18,54,30,9,45,27,19,57,47,64,80,63,50,65,85,62,48,67,47,47,30,49,46,16,35,34,73,100,51,49,6,53,22,70,33,51,0.987670999029248,1.58208169107838,0.412922505291424
2008-11-01,617,2195,2812,305093832,149981476,155112356,24,81,36,86,28,45,57,50,51,56,41,53,55,64,8,20,54,43,14,48,30,17,54,55,76,76,66,60,62,71,64,46,61,30,42,73,44,48,17,31,30,48,49,48,53,29,57,22,63,16,43,0.921683660913866,1.46351406756392,0.397776177160251
2008-12-01,570,2190,2760,305298802,150082238,155216564,22,75,34,77,25,42,56,49,62,55,39,55,51,63,10,22,48,39,20,45,29,21,56,54,67,65,62,43,54,62,59,46,57,32,39,29,40,32,16,34,31,46,32,41,37,6,48,18,57,0,54,0.904032371538752,1.45919998874217,0.367228848075776
2009-01-01,580,2396,2976,305519874,150192146,155327728,19,72,33,78,22,44,52,49,73,65,37,47,45,59,7,20,43,37,15,47,31,34,59,44,51,63,56,43,46,73,59,48,60,27,44,24,53,37,16,20,39,50,28,37,55,0,35,16,73,16,44,0.974077385224373,1.59528980962826,0.373404032536934
2009-02-01,580,2140,2720,305714782,150287962,155426820,19,87,38,74,32,45,55,47,72,63,39,57,45,65,12,18,56,45,12,50,32,36,54,49,61,81,61,44,53,75,69,48,64,25,45,27,50,36,14,27,37,70,34,56,60,17,52,21,61,11,42,0.889718181831325,1.42393307589067,0.37316596968271
2009-03-01,645,2399,3044,305920351,150389019,155531332,20,88,36,74,31,47,53,58,72,60,37,58,46,71,8,23,51,37,12,55,31,26,56,49,69,79,63,46,57,79,67,50,62,38,52,40,49,40,17,41,38,61,45,54,43,15,55,25,56,14,44,0.99503023909645,1.59519625565215,0.414707436569758
2009-04-01,649,2378,3027,306112520,150483488,155629032,22,77,37,36,33,41,55,57,66,49,41,62,47,72,8,19,54,35,15,52,32,36,56,65,80,88,63,54,65,82,70,48,59,33,62,41,47,54,17,56,35,53,29,55,64,7,60,23,57,20,43,0.988852073087373,1.58023982006584,0.417017308184504
2009-05-01,679,2587,3266,306321829,150586384,155735445,18,66,35,40,27,32,59,77,64,39,39,46,60,66,12,17,50,38,15,47,30,45,68,50,73,79,64,53,60,85,63,46,59,31,59,32,47,26,18,37,32,39,24,44,50,11,53,17,55,21,33,1.06619890938298,1.71795080755774,0.435995800442218
2009-06-01,659,2595,3254,306541114,150694183,155846931,16,54,36,41,22,31,55,73,68,32,38,39,46,59,11,17,41,29,14,46,31,45,56,48,53,65,65,48,49,78,54,51,63,29,54,20,50,61,20,37,33,47,20,39,48,19,36,18,60,26,26,1.06152155498463,1.72203063737371,0.422850803523362
2009-07-01,700,2546,3246,306771529,150807454,155964075,16,55,38,33,20,31,53,59,69,31,35,41,41,59,12,18,37,38,7,53,35,36,49,38,55,64,61,47,47,74,51,51,64,30,48,13,48,60,16,20,34,35,19,38,49,19,45,18,60,12,31,1.05811644600174,1.6882454629862,0.448821307086263
2009-08-01,692,2613,3305,307007040,150923230,156083810,14,51,38,42,19,29,53,62,70,30,35,37,40,63,9,17,36,32,11,53,35,42,52,37,50,61,60,42,49,68,50,49,65,35,52,12,47,47,15,21,38,40,20,36,57,9,41,17,62,8,30,1.07652254489018,1.73134380969716,0.443351555808383
2009-09-01,707,2558,3265,307267930,151051482,156216448,16,59,39,34,24,28,60,56,67,32,37,56,37,64,14,17,39,30,12,54,35,43,41,53,65,74,63,45,58,78,66,50,65,39,54,17,48,33,16,36,38,71,21,47,41,14,49,23,61,22,48,1.06259055411347,1.69346236536759,0.452577183165757
2009-10-01,685,2441,3126,307518237,151174532,156343705,17,64,40,34,27,33,66,59,70,38,39,61,46,71,11,17,47,41,14,51,39,56,51,60,79,83,65,47,70,92,75,52,59,40,48,31,48,59,17,40,37,73,23,54,67,15,65,22,63,27,35,1.01652507847852,1.614689966429,0.438137243837224
2009-11-01,642,2191,2833,307757459,151292133,156465326,17,73,40,41,28,34,68,57,81,41,44,58,74,66,9,18,59,37,13,51,37,59,61,65,75,79,74,49,67,70,69,48,67,34,45,31,43,37,17,39,36,81,22,56,60,24,55,20,64,32,44,0.9205300853488,1.44819162540329,0.410314551097411
2009-12-01,602,2245,2847,307954399,151388947,156565452,15,65,37,34,24,30,70,65,71,39,36,51,60,69,11,17,42,34,16,51,33,66,46,52,76,66,63,44,70,66,56,47,60,39,41,26,40,46,16,33,33,52,19,47,44,18,43,17,60,8,46,0.924487524531189,1.48293521058707,0.384503728191581
2010-01-01,648,2418,3066,308169976,151498376,156671600,16,65,39,34,21,31,63,64,79,35,37,50,44,66,6,16,45,37,32,54,36,62,53,50,60,62,57,45,63,70,58,50,63,39,45,24,48,59,15,40,42,58,20,40,47,20,40,16,61,38,37,0.994905486834318,1.59605671284556,0.413603997150728
2010-02-01,578,2207,2785,308375613,151599468,156776145,18,71,39,29,24,32,66,63,73,39,37,51,40,65,15,17,39,41,13,53,36,63,46,59,68,76,63,42,68,71,62,51,60,39,44,29,47,48,15,41,45,62,22,48,43,19,53,20,65,18,32,0.903119404581451,1.45580985811903,0.36867853843453
2010-03-01,675,2576,3251,308565817,151692974,156872843,18,71,40,36,28,35,68,64,78,35,38,56,39,66,12,20,45,43,12,55,36,71,51,73,71,79,66,53,70,74,65,52,63,21,52,42,47,60,15,40,49,68,22,48,64,15,51,22,73,13,38,1.05358397492228,1.69816698300081,0.430284800792448
2010-04-01,673,2565,3238,308745538,151781326,156964212,20,70,39,42,32,68,64,69,70,67,38,59,44,66,14,22,44,37,15,51,35,69,53,65,80,79,68,49,68,77,71,50,61,32,73,46,50,54,17,44,44,75,22,52,57,16,60,23,69,21,41,1.04876009576534,1.68993121064182,0.428760155850048
2010-05-01,705,2714,3419,308943167,151884233,157058934,17,68,36,30,26,35,70,63,64,40,37,46,40,64,8,19,45,40,15,48,37,69,48,66,76,71,65,48,69,70,64,50,57,36,56,28,48,60,17,42,35,37,31,47,61,18,45,20,69,21,45,1.10667603792642,1.78688725379414,0.448876088768054
2010-06-01,699,2587,3286,309122946,151974228,157148718,14,49,37,32,20,30,59,69,82,28,31,42,37,61,9,16,32,39,13,48,32,54,44,47,64,64,59,45,56,68,51,53,58,27,51,16,49,33,15,32,37,46,18,39,47,12,39,16,67,14,25,1.06300746758541,1.70226230726436,0.444801592336248
2010-07-01,711,2739,3450,309321666,152074758,157246908,15,48,37,26,19,30,56,63,100,36,34,33,53,61,8,19,29,37,14,56,37,55,62,39,50,62,53,42,51,65,47,51,54,30,46,12,46,45,15,21,35,33,16,36,38,25,38,15,69,15,17,1.11534379230972,1.80108785706567,0.452155154618366
2010-08-01,670,2777,3447,309535947,152183127,157352820,15,46,39,32,17,32,55,61,64,29,35,38,58,61,7,19,41,41,28,52,38,50,50,40,48,59,51,47,48,64,50,53,52,32,49,14,42,49,14,23,36,47,15,40,43,12,36,18,64,13,30,1.11360248572357,1.82477522623122,0.425794720425093
2010-09-01,671,2482,3153,309763500,152300187,157463313,19,54,39,37,21,35,60,59,56,39,33,50,47,65,7,21,38,34,17,51,39,52,48,36,56,71,58,41,53,78,58,53,48,25,54,28,43,66,14,35,35,74,17,47,45,4,43,29,61,19,48,1.01787331302752,1.62967626559776,0.426131006147445
2010-10-01,715,2518,3233,309989569,152414729,157574840,22,60,40,47,24,46,69,59,55,39,35,52,50,69,13,23,50,37,16,49,39,44,61,54,68,77,56,44,56,86,61,52,51,26,47,69,42,49,14,39,36,71,21,56,51,16,45,26,65,8,31,1.04293831899873,1.6520713034237,0.45375264223654
2010-11-01,666,2326,2992,310174426,152503847,157670579,18,62,39,42,26,37,70,70,60,40,36,51,46,72,11,21,43,41,17,50,40,41,62,56,68,75,57,41,60,66,64,51,52,36,42,43,39,35,16,48,36,56,21,48,51,17,53,22,63,26,49,0.964618533702066,1.52520742640676,0.422399666585863
2010-12-01,676,2368,3044,310348632,152586945,157761687,16,53,35,48,23,35,70,59,76,34,32,43,44,67,8,20,40,44,14,52,38,39,55,50,67,64,56,38,52,66,51,49,49,41,38,36,36,58,14,34,35,45,20,35,42,12,33,18,56,11,32,0.980832420746743,1.55190209752217,0.428494403714129
2011-01-01,662,2493,3155,310538923,152688426,157850497,17,64,45,49,22,36,68,73,79,36,34,40,50,70,7,24,45,39,17,59,46,46,62,54,72,69,54,46,54,74,61,60,54,27,50,34,50,69,16,34,45,53,23,40,54,7,50,19,75,24,28,1.01597570105568,1.63273672098761,0.419384172100516
2011-02-01,584,2194,2778,310693489,152768426,157925063,17,69,46,43,27,40,72,62,67,42,41,48,41,72,13,22,44,45,15,52,48,58,53,56,72,79,54,48,55,71,68,61,57,32,49,34,44,51,15,33,47,61,23,40,53,12,49,20,73,14,33,0.89412881130573,1.4361606370154,0.369795641620228
2011-03-01,714,2678,3392,310832137,152834673,157997464,19,72,51,42,29,47,68,64,57,50,44,45,52,72,13,24,40,46,17,60,45,66,55,67,83,81,59,47,63,76,73,60,64,37,64,35,48,64,16,39,50,56,26,46,46,16,52,23,68,32,36,1.09126425367014,1.752220191553,0.451905987554332
2011-04-01,746,2700,3446,311009155,152927637,158081518,19,75,47,45,30,49,74,64,56,47,41,51,50,74,11,24,42,46,16,56,44,65,60,68,88,82,61,49,100,73,71,62,64,41,68,48,45,59,16,47,49,53,21,45,49,24,51,23,71,35,40,1.10800596850598,1.76554091396835,0.47190842385509
2011-05-01,717,2749,3466,311183465,153016790,158166675,17,65,45,40,27,43,72,63,56,45,37,40,51,71,15,24,46,48,16,49,44,71,62,59,83,73,59,49,61,71,69,59,62,45,72,32,46,52,18,31,44,43,17,37,60,21,40,18,70,12,44,1.11381239359874,1.79653487698964,0.45331925957222
2011-06-01,722,2633,3355,311351195,153095466,158255729,17,57,44,40,22,37,61,68,59,37,32,36,56,71,14,21,39,47,23,52,48,70,61,43,63,66,53,64,45,74,58,61,59,38,61,25,47,64,24,29,45,52,17,34,47,16,40,16,71,10,20,1.077561305008,1.71984191876721,0.456223610078596
2011-07-01,742,2831,3573,311556874,153200058,158356816,16,54,47,47,21,39,60,72,62,48,37,36,52,76,7,23,37,43,21,56,47,77,56,39,64,64,52,52,46,67,54,62,59,36,55,18,46,68,26,26,50,35,17,33,51,17,42,15,69,20,25,1.14682110977914,1.84791052755346,0.468562085764594
2011-08-01,765,2733,3498,311764497,153304122,158460375,18,56,47,35,20,35,61,66,61,35,33,39,41,70,9,21,33,40,17,56,49,83,54,36,60,66,49,47,43,68,56,62,54,35,57,15,47,44,23,23,47,34,51,32,58,22,36,17,71,11,30,1.1220007517405,1.78273093009202,0.48277053490502
2011-09-01,759,2573,3332,311997529,153425330,158572199,18,59,50,37,24,38,70,65,59,40,34,52,44,73,12,24,43,45,14,54,46,88,57,49,68,77,57,47,46,78,63,64,55,35,58,35,46,52,23,37,46,73,23,41,42,3,55,26,67,14,48,1.06795717603263,1.6770372923428,0.478646323117459
2011-10-01,755,2551,3306,312207836,153529290,158678546,18,63,48,39,25,45,72,83,60,42,38,48,47,73,12,24,49,45,25,59,49,87,60,55,81,79,57,49,47,97,66,61,58,37,56,34,44,71,26,42,44,71,26,58,59,14,53,23,65,21,61,1.05891000122111,1.66157219902469,0.475804712755561
2011-11-01,702,2434,3136,312397256,153625779,158771477,18,64,49,48,32,44,73,100,56,46,36,46,45,78,16,27,40,47,19,50,47,88,55,58,86,77,58,51,50,74,75,63,57,40,47,38,39,46,29,47,42,57,24,46,62,18,52,22,67,7,47,1.00385004662141,1.58436950871377,0.442144907425658
2011-12-01,647,2434,3081,312588416,153726909,158861507,18,60,44,42,24,45,67,80,61,41,36,38,45,77,7,29,38,43,16,52,49,89,57,54,83,68,53,49,48,67,58,62,52,34,48,28,35,53,28,35,43,45,20,39,53,12,47,18,60,16,47,0.985641131371932,1.58332722347263,0.407272984008643
2012-01-01,692,2616,3308,312786761,153836234,158950527,17,62,56,49,24,39,67,89,73,38,36,43,43,73,9,30,37,49,14,62,53,88,51,48,71,66,57,54,47,77,67,68,54,42,56,29,46,56,30,32,45,49,21,40,55,12,44,16,62,19,42,1.05758951863055,1.70050964716154,0.435355587087799
2012-02-01,674,2420,3094,312932963,153908163,159024800,19,68,54,57,27,46,67,77,61,40,39,50,44,78,13,29,50,55,25,55,54,84,57,61,77,78,61,55,48,73,73,70,55,36,55,35,42,57,30,36,45,61,23,45,66,13,54,20,66,21,41,0.98871016026522,1.57236624284834,0.423833263742511
2012-03-01,711,2686,3397,313112458,154007694,159104764,17,69,54,54,27,42,65,64,53,45,39,43,41,74,13,24,41,53,19,60,54,88,49,57,83,78,61,47,54,75,75,63,52,39,69,34,41,62,27,34,46,57,20,49,55,25,59,20,64,16,38,1.08491371493114,1.74406870867114,0.446875368232217
2012-04-01,786,2638,3424,313283352,154096496,159186856,19,69,52,50,27,43,68,64,56,36,38,45,41,82,14,25,41,49,19,58,52,79,50,63,95,78,61,50,57,75,74,67,58,39,78,36,47,65,25,48,58,53,19,48,54,24,63,22,69,20,48,1.09294029770213,1.71191433191317,0.493759359126987
2012-05-01,819,2885,3704,313446781,154178937,159267844,19,67,52,51,25,48,73,71,51,43,37,39,43,76,13,25,40,50,18,55,52,82,51,65,84,74,62,68,51,75,68,67,55,33,67,33,46,59,24,35,46,45,19,43,49,19,46,19,80,13,37,1.18169980504601,1.87120241982211,0.51422809490659
2012-06-01,768,2700,3468,313634392,154274165,159360227,16,53,49,50,23,35,67,68,52,35,32,32,40,76,10,25,30,45,15,58,52,67,53,43,78,62,52,49,43,72,58,67,51,36,64,21,46,50,22,24,40,35,16,34,35,22,47,15,63,12,27,1.10574608157131,1.75013100864944,0.481927024363488
2012-07-01,782,2854,3636,313830990,154374397,159456593,16,50,53,35,22,37,54,81,58,30,36,29,45,76,9,25,31,48,17,64,55,57,46,40,77,63,56,52,44,69,58,69,55,44,57,15,43,65,22,27,38,27,14,34,36,24,44,15,72,14,33,1.15858539018087,1.84875216063192,0.490415595421633
2012-08-01,765,2779,3544,314048849,154487175,159561674,20,50,54,33,21,43,60,64,49,34,33,32,55,77,5,26,33,41,58,60,57,67,54,42,67,69,55,52,43,70,60,69,61,42,62,63,46,66,21,21,47,33,13,54,37,20,42,19,75,12,30,1.12848686160923,1.79885482403313,0.479438439584182
2012-09-01,710,2677,3387,314282839,154608543,159674296,23,57,53,39,23,47,69,58,53,69,32,50,66,80,12,33,39,54,22,62,56,69,52,47,75,76,64,50,47,79,67,68,58,36,64,36,45,60,21,30,48,70,16,43,35,22,60,53,72,16,48,1.07769167759109,1.73146965106579,0.444655162281098
2012-10-01,735,2595,3330,314498196,154720811,159777385,20,63,58,42,24,49,67,63,53,45,32,54,71,74,16,30,41,51,15,66,58,74,49,55,75,78,66,50,52,100,69,69,60,40,54,42,44,62,20,37,63,61,20,56,48,21,55,27,66,17,48,1.05882960295264,1.67721457975036,0.460015039049487
2012-11-01,719,2418,3137,314695119,154820355,159874764,19,63,53,35,25,44,66,55,54,38,33,51,62,77,14,27,40,56,25,52,54,75,51,54,86,75,62,58,51,71,66,65,55,40,50,26,40,61,22,36,52,51,27,45,47,17,54,20,64,20,47,0.996837831475867,1.56181013794988,0.449727012575918
2012-12-01,659,2512,3171,314872482,154909888,159962594,24,59,53,32,21,55,64,63,56,42,32,42,63,75,11,28,36,52,20,56,55,88,57,57,80,63,55,44,48,60,62,65,57,42,47,24,35,64,20,32,35,42,17,38,34,13,39,16,56,20,42,1.00707434954573,1.6215879001862,0.411971313743512
2013-01-01,779,2750,3529,315035869,154995959,160039910,19,64,56,33,22,43,65,62,62,37,34,43,64,81,11,25,37,56,17,67,64,89,55,49,71,69,60,45,53,67,68,66,60,39,53,22,45,66,20,30,52,49,19,35,32,15,53,17,73,17,31,1.12018990447085,1.77423980453581,0.486753585402541
2013-02-01,676,2340,3016,315160296,155058237,160102059,19,64,55,30,24,45,69,56,50,40,33,47,56,83,14,27,41,60,17,66,60,75,49,60,76,78,64,46,53,70,69,70,65,37,56,24,40,60,20,37,73,64,21,45,31,18,55,19,64,11,37,0.956973336514445,1.50911041249618,0.422230672248881
2013-03-01,797,2779,3576,315301845,155131431,160170414,18,69,57,32,24,45,65,61,44,42,33,42,54,79,16,30,39,56,16,66,59,87,51,67,78,78,56,75,46,71,68,66,56,32,64,26,41,64,21,31,62,53,21,43,32,15,55,20,63,15,40,1.13415130824877,1.79138423599019,0.497595017766515
2013-04-01,753,2773,3526,315464179,155218895,160245284,21,71,59,43,27,50,70,62,46,39,34,47,56,76,14,31,40,64,21,64,56,100,57,81,97,81,69,55,56,76,73,76,61,45,77,35,43,66,21,50,49,57,20,46,41,21,71,23,64,11,42,1.11771802782084,1.78650930352262,0.469904624463083
2013-05-01,772,2766,3538,315607825,155282914,160324911,18,62,56,29,23,45,68,57,42,37,33,39,65,81,15,30,39,55,20,56,55,88,65,64,86,70,61,51,62,72,70,74,60,34,79,29,45,72,22,41,43,41,19,41,31,19,50,21,61,15,36,1.12101149583348,1.78126487245081,0.481522175926859
2013-06-01,755,2724,3479,315806910,155387850,160419060,17,50,52,24,20,44,57,60,42,42,33,30,54,78,10,30,36,53,47,60,56,74,48,47,71,64,51,65,49,71,59,69,59,40,65,15,44,63,21,28,71,33,17,34,21,23,46,15,67,15,25,1.1016225072466,1.75303281434166,0.470642328910293
2013-07-01,837,2803,3640,315993715,155481926,160511789,16,51,56,25,20,37,58,60,46,30,33,28,56,79,8,30,38,56,21,65,60,68,53,40,83,60,56,50,42,75,59,74,58,46,63,14,44,53,20,30,60,31,15,36,27,26,49,16,72,11,25,1.15192164502386,1.80278188733011,0.521457025190841
2013-08-01,770,2810,3580,316202222,155582635,160619587,19,45,59,30,19,47,57,61,41,31,32,29,61,77,9,29,28,49,22,66,65,79,55,40,74,65,56,44,39,67,61,75,57,43,63,16,43,63,21,28,43,33,15,35,26,19,44,19,71,9,24,1.13218685730804,1.80611415920549,0.479393587283972
2013-09-01,801,2649,3450,316433402,155701854,160731548,20,56,59,26,21,53,67,59,44,36,30,44,57,73,11,29,38,55,30,67,59,85,63,49,74,78,60,45,44,69,66,73,55,37,67,22,43,57,21,34,42,65,23,42,25,25,52,48,63,18,47,1.09027680965235,1.70132848899795,0.498346472716109
2013-10-01,766,2701,3467,316656651,155816148,160840503,18,64,57,28,24,47,69,59,46,40,32,52,52,71,18,29,41,58,20,62,59,78,54,60,81,79,60,49,50,90,72,75,64,38,60,32,45,58,20,46,75,61,28,55,24,17,63,23,64,21,51,1.09487673448552,1.73345319767499,0.476248199746055
2013-11-01,683,2489,3172,316876274,155932163,160944111,19,65,57,25,26,50,77,58,42,42,32,46,52,77,12,29,40,53,21,61,60,71,55,62,90,77,55,49,51,71,73,72,58,47,54,28,41,71,22,42,73,53,24,46,32,13,68,22,67,34,42,1.0010216164054,1.59620693519143,0.424370917181307
2013-12-01,705,2471,3176,317055638,156023099,161032539,17,58,55,25,21,46,68,61,52,39,31,40,53,76,11,29,38,56,19,60,59,77,55,58,85,66,53,43,51,66,63,69,49,39,49,22,37,70,20,43,46,39,21,40,24,3,47,17,57,24,43,1.00171692893851,1.58373985380203,0.437799716987633
2014-01-01,748,2572,3320,317243472,156120551,161122921,19,63,62,23,22,45,65,64,68,39,31,39,52,75,13,31,39,58,19,69,69,84,56,49,73,63,58,48,54,69,69,74,56,37,58,27,48,54,20,34,55,56,25,37,28,13,52,18,66,32,33,1.04651483577257,1.64744486457776,0.464241831862023
2014-02-01,722,2368,3090,317408987,156206820,161202167,19,70,59,24,23,52,71,62,55,36,31,46,54,73,15,31,39,59,19,69,62,89,55,65,81,73,61,50,58,76,67,72,59,39,57,26,45,57,19,38,58,62,26,43,33,15,61,18,64,25,44,0.973507407337524,1.51593893275594,0.447884797975452
2014-03-01,789,2618,3407,317564034,156282548,161281486,18,71,60,27,24,49,73,61,54,41,32,43,52,75,14,31,45,57,19,67,61,82,55,65,82,77,61,45,67,74,72,72,64,41,64,28,44,74,21,45,82,52,24,42,23,27,58,21,70,22,38,1.07285449082058,1.67517104980909,0.489206802075224
2014-04-01,791,2815,3606,317730420,156365087,161365333,18,71,60,24,26,54,85,63,53,46,37,50,58,79,16,31,45,58,26,64,63,85,63,79,91,80,66,46,67,72,74,74,67,42,80,29,48,62,23,46,74,51,24,48,33,27,71,23,67,24,42,1.13492438023404,1.80027399594642,0.490192029040091
2014-05-01,775,2813,3588,317914973,156460794,161454179,18,67,58,26,24,47,76,62,48,42,39,37,56,79,10,29,40,57,20,58,63,92,64,68,88,74,69,52,67,75,71,76,60,37,82,29,47,61,25,36,43,39,19,43,28,19,57,20,70,21,36,1.12860365340515,1.79789449361992,0.480012350748753
2014-06-01,810,2740,3550,318105760,156556443,161549317,16,51,56,23,21,42,63,63,39,38,29,31,55,76,12,27,27,54,16,58,62,80,56,49,69,63,56,51,53,73,59,76,52,43,66,21,47,61,22,33,46,34,16,34,29,18,51,16,67,15,25,1.11598104982444,1.75016750987374,0.501394877454047
2014-07-01,798,2724,3522,318301008,156654424,161646584,16,53,58,20,20,39,62,67,38,35,34,28,53,75,11,25,31,57,16,68,62,68,58,43,67,65,59,49,53,69,59,76,58,43,63,21,47,53,23,27,67,36,17,39,25,28,49,15,74,16,31,1.10649979468491,1.73885928685934,0.4936695723802
2014-08-01,929,3074,4003,318539492,156778198,161761294,27,68,64,29,19,77,62,65,30,45,43,28,61,76,14,49,44,100,27,70,65,70,66,46,60,67,53,48,54,69,58,76,65,41,64,19,44,100,22,23,76,36,17,40,21,13,54,36,63,16,28,1.25667306583135,1.96073181042686,0.574303022081413
2014-09-01,907,3124,4031,318774334,156898855,161875479,19,63,64,23,30,48,65,52,29,40,34,45,55,71,12,35,48,61,20,71,62,79,58,52,74,77,62,45,59,76,70,74,64,38,63,23,45,74,21,39,51,63,19,100,26,32,63,54,61,13,50,1.26453091421093,1.99109164945786,0.560307222318706
2014-10-01,867,2921,3788,319005484,157016988,161988496,19,69,63,27,25,48,74,49,29,35,31,52,60,74,15,34,46,69,20,70,67,77,66,63,78,82,65,55,67,92,69,75,58,35,60,26,40,63,20,42,45,55,32,75,28,23,68,28,77,22,60,1.18744040149479,1.86030826167676,0.535223192639556
2014-11-01,818,2658,3476,319221927,157128164,162093763,21,68,58,26,25,51,73,44,30,44,36,45,57,74,14,32,44,64,17,61,59,79,67,66,82,77,64,44,63,69,68,70,58,36,52,24,41,62,30,51,53,48,24,55,23,21,62,21,58,18,54,1.08889763076958,1.69161271431899,0.504646190489143
2014-12-01,706,2686,3392,319412095,157228983,162183112,21,62,60,24,22,52,73,49,33,41,33,36,58,78,13,23,41,66,19,66,69,68,68,60,76,70,57,42,63,65,70,71,56,40,52,24,38,57,35,37,79,44,27,49,30,22,53,20,57,16,48,1.06195101973205,1.7083364331117,0.435310428622186
2015-01-01,826,2792,3618,319594955,157322630,162272325,18,69,63,24,20,46,67,54,38,45,32,41,60,72,13,23,37,53,19,73,71,63,74,54,65,69,57,47,59,72,68,74,54,38,55,28,47,60,32,33,100,47,25,46,23,22,60,20,66,23,37,1.13205792000065,1.77469700322198,0.509020869701596
2015-02-01,742,2473,3215,319734181,157393027,162341154,18,72,60,22,24,50,71,55,32,38,33,44,56,73,17,33,40,58,20,68,63,72,66,62,71,77,58,48,56,71,71,68,55,38,58,29,45,54,24,42,73,61,26,61,23,22,62,27,62,18,42,1.00552277205545,1.57122589681181,0.457062169214345
2015-03-01,931,3004,3935,319890583,157474705,162415878,21,78,68,27,25,57,71,49,30,42,34,47,56,79,13,35,46,63,17,75,64,88,71,70,79,82,63,50,69,70,73,75,60,38,69,31,45,60,28,47,56,54,25,52,21,28,66,26,77,26,53,1.23010810855911,1.90760795519509,0.573219817830865
2015-04-01,860,2866,3726,320063719,157565889,162497830,25,76,68,29,26,54,70,49,29,45,34,49,61,77,15,35,45,68,19,69,64,81,79,88,88,84,66,52,65,75,78,80,64,45,79,30,46,56,25,47,61,47,25,53,37,23,72,25,67,17,50,1.16414319362452,1.81892160682062,0.529237836591418
2015-05-01,925,3041,3966,320244536,157658346,162586190,28,68,62,26,24,52,70,46,28,49,33,35,61,76,15,36,47,60,19,65,63,64,75,73,85,71,62,50,61,74,70,75,60,40,82,27,49,50,26,43,55,37,20,54,23,28,59,22,67,21,41,1.2384286238064,1.92885443565417,0.568929009284245
2015-06-01,869,2916,3785,320430500,157751516,162678984,19,58,64,23,22,42,64,54,28,37,33,30,64,76,12,34,37,62,15,67,66,54,73,55,75,66,51,100,49,76,61,79,60,38,68,19,48,61,24,26,77,37,21,46,29,32,59,18,66,14,33,1.18122338541431,1.84847668912418,0.534180862599929
2015-07-01,895,3049,3944,320635163,157856394,162778769,37,62,68,23,21,41,60,71,29,35,33,28,65,77,12,35,35,63,16,75,69,71,75,55,64,65,51,59,47,71,62,79,60,49,63,18,44,58,25,25,69,31,35,53,25,19,61,18,63,16,31,1.23005847615035,1.9315023755072,0.549826003414487
2015-08-01,876,3036,3912,320857156,157968055,162889101,21,57,70,21,19,45,58,58,28,36,29,32,60,78,11,34,34,58,19,79,66,74,70,52,58,64,55,47,41,73,61,85,63,41,65,17,44,53,23,27,48,36,57,38,25,29,59,24,71,16,32,1.21923414418097,1.92190756542517,0.537789204202189
2015-09-01,805,2773,3578,321080050,158079906,163000144,23,68,71,25,22,54,70,58,27,41,34,49,63,80,14,43,44,65,18,84,68,72,72,69,74,80,74,51,52,81,71,81,61,38,71,26,43,68,23,33,50,65,39,50,23,29,78,75,70,16,61,1.11436384789401,1.75417614431021,0.493864594377291
2015-10-01,873,2815,3688,321311006,158198065,163112941,23,75,71,22,24,51,71,50,25,46,34,52,68,80,17,37,43,69,19,74,70,62,74,83,80,85,72,42,62,99,77,78,68,38,63,26,41,54,23,41,74,60,29,70,30,18,65,32,76,19,65,1.14779759520594,1.77941493785022,0.535211979287407
2015-11-01,808,2549,3357,321502565,158292329,163210236,22,77,72,22,24,51,77,50,27,43,33,47,68,74,16,34,44,63,19,70,67,67,74,85,84,80,64,40,57,76,73,75,67,43,56,21,40,60,24,48,81,50,25,65,26,22,71,26,62,19,50,1.04415963213233,1.61031176690817,0.495066988322963
2015-12-01,789,2680,3469,321710374,158405372,163305002,21,72,67,24,22,51,70,49,29,43,32,45,73,84,14,38,37,59,18,79,67,64,75,81,78,73,63,38,53,72,67,75,62,37,51,19,37,61,23,35,64,46,26,43,30,19,59,19,69,14,46,1.07829907903436,1.69186181387838,0.483145029446189
2016-01-01,860,2860,3720,321864095,158469574,163394521,28,69,72,19,21,46,65,55,35,34,28,36,66,79,9,30,36,57,18,76,71,70,68,74,66,71,49,39,47,83,68,77,59,41,57,23,43,56,22,31,68,44,50,44,24,20,67,17,74,22,45,1.1557673122875,1.80476284993358,0.526333438071647
2016-02-01,754,2691,3445,322035525,158559324,163476201,23,79,76,17,25,54,67,55,32,39,31,52,71,79,12,35,42,67,19,78,81,68,71,73,72,86,62,43,54,79,78,81,63,42,62,28,42,53,23,38,70,61,38,51,26,23,75,22,83,16,60,1.0697577542105,1.69715657970388,0.461229215866106
2016-03-01,882,3039,3921,322196377,158642582,163553795,23,79,78,16,25,51,65,50,27,37,33,49,73,79,17,35,41,76,24,78,77,71,83,83,74,83,67,41,61,79,77,83,69,43,72,24,42,55,24,43,68,47,28,50,23,30,74,22,79,19,58,1.2169596804622,1.91562691535114,0.53927210921642
2016-04-01,878,2934,3812,322368465,158731145,163637320,30,84,80,19,27,54,68,52,25,36,36,48,80,82,15,35,48,72,20,77,72,71,88,85,89,87,65,43,65,79,76,82,71,40,80,29,42,56,26,44,84,65,26,53,30,24,79,25,80,20,56,1.18249779797785,1.84840851491369,0.536552419704747
2016-05-01,888,2965,3853,322548296,158822349,163725947,23,74,77,19,25,53,67,51,26,41,29,37,83,85,10,34,44,64,19,74,71,77,91,71,77,78,59,41,63,77,73,84,68,44,77,26,44,52,28,39,47,37,23,49,22,31,60,20,78,25,41,1.19454979232009,1.86686572681279,0.542369744240966
2016-06-01,851,2875,3726,322734136,158915502,163818634,26,56,74,14,20,44,50,51,25,31,28,24,76,82,7,31,33,58,18,68,71,66,74,52,64,67,51,42,46,71,62,84,59,40,72,18,41,51,23,30,48,30,33,47,23,26,57,18,87,18,29,1.15451065889107,1.8091375377589,0.519476923486006
2016-07-01,971,3062,4033,322941311,159021785,163919526,38,54,74,17,19,44,51,49,25,32,27,22,70,83,12,31,35,55,18,76,75,56,69,46,62,63,49,41,39,72,60,82,66,42,65,16,41,54,29,25,47,24,22,43,17,25,61,17,76,12,31,1.2488337238465,1.92552234274065,0.592363840778798
2016-08-01,903,3139,4042,323143492,159120524,164022968,100,61,69,15,20,56,51,50,24,30,27,27,66,75,11,27,40,51,16,73,70,50,65,44,57,65,46,39,36,67,62,81,70,37,66,20,41,61,24,20,73,30,20,42,21,21,63,22,78,14,27,1.25083750719634,1.9727184910477,0.550532654670656
2016-09-01,825,2895,3720,323346446,159220435,164126011,44,72,83,16,23,58,65,58,22,33,30,43,63,79,13,37,43,61,17,87,74,60,80,57,61,85,60,38,48,79,69,83,71,35,69,22,40,44,23,39,54,50,22,47,19,28,69,56,79,21,57,1.15046880707017,1.8182339471689,0.502662554809792
2016-10-01,830,3008,3838,323561216,159330315,164230901,39,74,78,15,24,51,65,52,23,36,35,45,79,82,16,38,44,61,18,85,74,65,81,68,68,83,61,40,51,87,72,86,68,43,61,28,40,53,26,52,42,53,23,64,26,24,74,28,72,12,61,1.18617430341219,1.88790187228338,0.505386011369444
2016-11-01,819,2639,3458,323743389,159420486,164322903,34,75,75,14,22,50,65,51,25,39,31,40,77,80,12,61,45,60,16,77,71,62,87,72,77,84,61,43,51,70,74,80,60,37,57,23,37,48,25,45,41,44,56,52,26,27,74,29,70,23,47,1.06812991940354,1.65537069056482,0.498408916254358
2016-12-01,777,2620,3397,323907436,159501904,164405532,33,70,74,13,20,46,61,65,28,38,36,37,79,86,13,52,34,63,18,81,74,56,86,73,73,80,60,36,48,69,64,76,64,35,54,23,34,44,25,48,54,38,28,42,19,29,58,23,65,24,48,1.04875641076669,1.64261362046186,0.472611834010549
2017-01-01,871,2838,3709,324076093,159588735,164487358,28,77,85,12,21,46,56,58,33,43,39,37,78,82,10,49,35,70,17,91,80,56,83,63,68,81,55,38,45,77,71,82,72,38,61,26,43,49,24,43,81,44,28,46,15,27,69,22,82,15,46,1.14448429863045,1.77832100743201,0.52952397715574
2017-02-01,724,2657,3381,324208204,159656754,164551450,23,76,83,13,24,53,66,57,28,39,34,49,91,80,15,44,37,69,20,95,83,60,95,80,83,89,59,41,58,77,77,84,79,46,65,23,42,55,23,48,56,53,29,49,23,15,83,23,79,23,62,1.0428483790003,1.66419517711102,0.439983968539931
2017-03-01,848,3022,3870,324342783,159726102,164616681,22,83,84,12,25,49,69,51,24,44,35,43,90,84,16,49,43,74,19,90,77,62,100,86,82,90,64,39,55,78,78,85,73,38,76,23,41,56,25,48,54,47,31,50,23,28,83,27,72,24,68,1.19318209093618,1.89198882471946,0.515136130098504
2017-04-01,882,3090,3972,324480012,159793571,164686441,32,84,88,15,25,66,59,52,23,43,35,43,90,88,18,58,49,73,21,93,76,75,97,93,91,91,67,38,61,77,79,90,69,39,88,47,40,63,27,51,48,42,26,52,24,40,89,35,81,23,60,1.22411238076507,1.93374488138825,0.535563216160582
2017-05-01,922,3335,4257,324636728,159871074,164765654,28,80,84,15,23,62,67,52,25,46,35,37,100,89,17,75,52,68,19,80,79,73,98,77,79,80,60,40,51,76,74,84,72,40,88,35,43,52,28,40,58,35,26,46,19,45,69,34,79,21,53,1.31131188581965,2.08605591778285,0.559582642144582
2017-06-01,927,3154,4081,324801865,159953016,164848849,23,59,78,13,19,49,55,53,23,33,32,24,84,88,13,57,37,71,19,78,78,59,79,56,66,70,55,39,38,77,63,89,74,39,76,28,41,55,27,23,65,25,24,42,21,36,61,23,74,17,28,1.25645830266399,1.97182902759395,0.562333316625098
2017-07-01,923,3256,4179,324985539,160045920,164939619,23,61,81,12,19,51,53,54,24,32,35,22,80,94,15,65,35,65,17,87,83,58,81,49,62,68,53,39,35,76,60,90,73,39,68,16,39,52,27,29,55,25,23,43,15,38,63,27,76,15,27,1.28590337061121,2.03441612257282,0.559598722002626
2017-08-01,926,3349,4275,325158822,160129235,165029587,21,67,89,12,20,46,56,55,23,31,31,25,71,84,11,58,39,67,18,86,83,58,67,51,66,71,55,37,41,73,65,93,75,45,70,20,42,45,25,23,55,37,26,48,14,29,63,31,100,19,29,1.31474212315851,2.0914357081641,0.56111150541751
2017-09-01,895,3129,4024,325339848,160219420,165120428,22,67,79,11,21,46,63,49,21,30,30,39,77,80,13,78,46,68,17,92,79,65,78,54,65,80,56,37,46,74,72,85,65,32,74,21,40,48,24,33,56,52,23,48,19,35,69,58,79,13,50,1.23686047827747,1.95294677761285,0.542028633792059
2017-10-01,896,3176,4072,325507794,160299095,165208699,22,80,96,14,24,49,81,50,23,39,35,44,78,86,21,76,48,72,20,93,80,76,86,75,76,90,70,37,65,85,78,83,71,36,67,24,41,50,26,42,56,54,28,65,24,29,91,41,74,16,52,1.25096850983544,1.98129627618921,0.542344322922124
2017-11-01,800,2924,3724,325663325,160376410,165286915,22,80,87,13,25,47,70,47,23,38,36,37,77,83,21,72,45,70,18,81,89,72,87,79,82,87,70,36,58,75,78,89,76,35,63,23,37,58,27,42,62,46,30,54,22,24,86,32,69,23,48,1.14351224535339,1.82321078268306,0.484006855594104
2017-12-01,777,2852,3629,325802062,160445995,165356067,21,72,82,12,21,59,64,44,26,37,32,34,76,92,12,66,38,72,18,78,88,68,85,69,79,79,58,35,52,67,73,86,64,38,61,21,35,48,25,36,52,35,33,41,21,39,66,26,71,17,44,1.11386649234896,1.77754514844699,0.469895065900424
2018-01-01,826,3140,3966,325927236,160507906,165419330,30,76,83,14,24,48,70,50,33,34,32,38,74,86,13,68,40,64,18,88,97,68,78,62,66,75,60,37,46,74,76,91,64,35,64,23,42,46,25,35,63,44,42,42,18,26,72,30,76,28,35,1.21683601796322,1.9562899287964,0.499337048457396
2018-02-01,774,2822,3596,326031740,160559239,165472501,21,82,92,12,25,47,72,51,27,38,34,44,75,88,17,66,43,70,18,94,100,73,80,74,78,86,64,38,61,78,82,95,73,41,70,25,41,44,25,35,61,53,85,51,22,25,83,32,74,20,49,1.10296009830209,1.7576067360409,0.467751436234109
2018-03-01,879,3132,4011,326140981,160613726,165527255,19,82,91,15,23,47,64,54,23,33,33,37,73,85,13,59,42,73,18,88,87,69,76,77,81,87,73,37,63,76,79,93,84,41,75,22,41,52,26,38,72,45,46,51,25,27,78,29,76,21,47,1.22983624679782,1.95002013713324,0.531030373215577
2018-04-01,845,3075,3920,326260373,160672995,165587378,20,84,91,11,23,48,71,52,24,33,37,41,65,87,18,54,42,75,21,87,86,67,75,88,90,88,73,38,67,76,80,89,72,49,82,19,41,56,28,47,73,45,41,62,23,24,92,31,80,21,50,1.20149436597377,1.91382503326088,0.510304595800774
2018-05-01,928,3262,4190,326392347,160738565,165653782,19,76,89,12,22,48,70,47,22,36,40,31,68,85,14,58,40,68,17,73,81,62,77,65,77,77,64,41,49,75,84,92,68,38,100,20,42,43,31,38,48,41,30,44,22,35,74,29,77,19,42,1.28373107963833,2.02938230784877,0.560204535505262
2018-06-01,1043,3335,4378,326533251,160808699,165724552,32,74,87,15,21,100,61,54,21,39,41,23,66,91,21,100,54,70,21,83,85,75,68,55,67,71,56,37,60,76,69,97,70,39,79,16,43,49,30,29,52,28,29,46,20,26,72,54,78,19,33,1.3407516651344,2.07389278113617,0.629357561938077
2018-07-01,955,3401,4356,326687501,160885734,165801767,18,67,95,12,20,43,59,52,24,31,33,25,64,92,20,58,38,64,16,92,91,68,64,48,61,69,59,38,59,79,65,100,77,42,76,11,41,53,29,28,65,23,30,44,25,29,70,26,78,18,24,1.33338434640632,2.11392266762446,0.575989036353274
2018-08-01,927,3373,4300,326850358,160967318,165883040,19,63,98,10,26,44,58,48,21,30,32,25,60,91,16,56,36,66,22,93,88,64,72,46,63,74,57,38,41,79,68,96,76,46,82,13,41,48,28,27,66,40,31,46,21,27,76,34,85,20,31,1.31558674933439,2.09545642053873,0.558827472657844
2018-09-01,857,3279,4136,327011652,161048054,165963598,21,73,100,13,24,47,70,47,20,30,32,40,66,88,20,63,43,76,20,97,86,70,67,63,73,84,58,36,46,80,71,93,73,51,76,18,39,49,26,34,52,46,29,52,25,28,93,86,70,19,55,1.26478673610077,2.03603826221955,0.516378296402082
2018-10-01,922,3205,4127,327170529,161127581,166042948,22,79,98,12,24,51,74,46,23,35,36,43,64,88,25,60,48,73,21,89,88,70,70,71,81,92,71,37,53,87,76,94,76,47,70,19,40,54,25,45,60,48,55,65,26,29,85,35,82,18,54,1.26142168508093,1.9891070045916,0.555278023611096
2018-11-01,790,2861,3651,327310325,161197242,166113083,19,85,97,12,22,49,68,44,22,32,34,39,70,87,19,56,42,72,18,86,89,71,76,72,86,85,72,34,51,75,78,90,72,43,65,17,37,49,28,46,54,47,46,52,21,22,80,32,78,26,49,1.11545518767243,1.77484426191361,0.475579638721172
2018-12-01,837,2876,3713,327431120,161257200,166173920,19,80,91,14,20,50,65,44,24,37,30,33,68,96,16,56,39,73,20,84,89,66,72,65,77,81,66,34,47,75,73,88,66,42,64,16,32,51,25,41,52,37,75,50,16,22,70,28,72,17,41,1.13397895716204,1.78348625673768,0.503689146888994
2019-01-01,849,2984,3833,327540066,161311069,166228997,19,78,94,15,22,45,69,54,32,30,36,34,66,89,15,52,38,72,17,93,96,65,70,63,70,77,56,38,39,79,76,98,67,45,75,15,40,49,25,41,64,40,47,51,17,28,78,27,84,21,40,1.17023851366019,1.84984205888562,0.510741215625575
2019-02-01,775,2786,3561,327635482,161357990,166277492,21,88,99,11,24,58,75,49,28,43,44,45,73,85,18,55,43,78,21,100,94,73,73,72,79,88,70,39,51,79,81,98,77,40,69,18,41,54,25,49,64,56,39,48,20,23,96,43,84,21,55,1.08687861835428,1.72659562752362,0.466088338642972
2019-03-01,905,3256,4161,327733545,161406335,166327210,21,89,100,13,25,49,68,44,23,36,37,36,63,88,21,54,42,75,21,95,94,69,69,79,82,90,69,37,53,89,80,96,83,43,82,23,38,48,26,47,63,46,34,46,21,27,96,35,87,26,42,1.26962896031897,2.01726902478766,0.544108206949422
2019-04-01,889,3140,4029,327842998,161460427,166382571,19,88,95,12,24,44,71,49,24,34,34,38,63,88,22,52,41,77,19,87,90,65,59,82,92,92,85,34,54,83,87,92,85,42,99,20,40,53,28,46,68,43,34,50,25,30,99,35,82,24,46,1.22894190956611,1.94474897554928,0.534310772250298
2019-05-01,896,3156,4052,327964770,161520727,166444043,18,80,94,11,22,45,69,50,22,32,32,32,61,92,21,55,41,72,17,83,87,62,62,68,82,82,75,36,52,79,79,93,71,47,91,19,43,52,30,45,56,35,41,48,15,43,76,31,80,21,46,1.23549855675047,1.95392879825262,0.53831905537166
2019-06-01,851,3199,4050,328095474,161585606,166509868,16,63,89,11,22,42,54,45,21,28,30,23,59,95,16,53,32,61,18,86,81,54,63,47,62,73,57,36,52,82,70,94,70,46,85,13,38,47,27,33,53,28,32,43,15,40,78,29,79,17,33,1.23439679024649,1.97975554827575,0.511080820747513
2019-07-01,855,3338,4193,328239523,161657324,166582199,16,63,91,11,18,39,54,52,23,25,30,20,59,100,14,48,29,62,18,88,91,54,55,44,66,67,60,37,50,79,67,93,76,49,74,11,38,50,28,22,53,25,31,46,20,34,78,24,89,16,22,1.2774208180896,2.06486159575424,0.513260123310054
2019-08-01,948,3233,4181,328409545,161742184,166667361,19,64,96,13,19,48,56,51,21,31,31,23,59,90,14,50,29,65,19,97,83,51,56,44,65,75,55,35,49,75,66,93,74,43,80,10,49,51,27,31,58,30,55,43,18,25,77,35,83,17,30,1.27310550611432,1.99886011184318,0.568797630389072
2019-09-01,860,3249,4109,328578004,161826203,166751801,21,72,93,16,21,47,64,48,20,32,32,36,56,92,21,61,45,68,20,99,88,64,59,61,72,85,73,34,53,84,76,95,73,44,82,15,100,50,26,40,56,49,32,48,20,36,100,100,78,13,59,1.25054019136351,2.00770946841038,0.515736558671411
2019-10-01,854,3189,4043,328744045,161908990,166835055,21,78,96,14,22,47,75,43,21,34,34,41,61,88,22,52,47,73,18,94,89,61,68,66,79,92,81,35,62,90,81,97,76,47,71,18,38,48,25,45,59,52,36,63,21,21,96,41,77,23,48,1.22983216319553,1.96962503440976,0.511882829420951
2019-11-01,753,2844,3597,328891009,161981940,166909069,17,76,90,14,22,46,68,44,21,34,35,35,64,95,19,52,38,70,18,87,89,60,69,72,85,84,81,35,62,78,88,94,69,46,65,15,33,48,25,44,54,43,34,46,21,32,96,32,73,20,52,1.09367538229055,1.7557512893104,0.451143850068447
2019-12-01,820,2882,3702,329018969,162045160,166973809,17,75,87,13,20,43,64,44,26,31,31,29,58,97,16,57,36,69,18,87,91,60,60,62,78,76,70,44,54,73,74,93,68,44,66,12,33,44,25,37,55,35,35,42,16,21,79,28,70,21,45,1.12516309052078,1.77851655674258,0.49109498364501
