,pref,pref_id,loss_from_2019,final_date_month,state_of_emergency,second,cases_per_population,deaths_per_population,average_temperature,unemployment_rate_percent,over_age65_population,population_2019,area_ha,population_per_density_per_ha,cases_lag,deaths_lag
1,北海道,1,0.9335,2020/2/29,0,0,1.31428571428571,0.0380952380952381,-2.1,2.5,1673000,5250000,7842133,1,NA,NA
2,青森県,2,1.0669,2020/2/29,0,0,0,0,1.2,3.1,415000,1246000,964564,1,NA,NA
3,岩手県,3,0.9441,2020/2/29,0,0,0,0,1,2.3,406000,1227000,1527501,1,NA,NA
4,宮城県,4,0.9146,2020/2/29,0,0,0.0433651344319167,0,4.4,2.8,652000,2306000,728229,3,NA,NA
5,秋田県,5,0.9474,2020/2/29,0,0,0,0,2.5,3.3,359000,966000,1163752,1,NA,NA
6,山形県,6,0.8883,2020/2/29,0,0,0,0,2.5,2.3,360000,1078000,932315,1,NA,NA
7,福島県,7,0.9046,2020/2/29,0,0,0,0,4.5,2.3,582000,1846000,1378390,1,NA,NA
8,茨城県,8,0.8962,2020/2/29,0,0,0,0,6.2,2.3,843000,2860000,609739,5,NA,NA
9,栃木県,9,0.982,2020/2/29,0,1,0.0517063081695967,0,5.8,2.1,554000,1934000,640809,3,NA,NA
10,群馬県,10,0.9565,2020/2/29,0,0,0,0,6.6,2.3,580000,1942000,636228,3,NA,NA
11,埼玉県,11,1.0777,2020/2/29,0,1,0.0136054421768707,0,7.2,2.5,1961000,7350000,379775,19,NA,NA
12,千葉県,12,1.0589,2020/2/29,0,1,0.191723917558715,0,8.9,2.2,1743000,6259000,515760,12,NA,NA
13,東京都,13,0.8873,2020/2/29,0,1,0.244235327921845,0.00718339199770131,8.3,2.6,3209000,13921000,219407,63,NA,NA
14,神奈川県,14,1.0093,2020/2/29,0,1,0.228310502283105,0.0108719286801479,8.9,2.1,2329000,9198000,241630,38,NA,NA
15,山梨県,19,0.8715,2020/2/29,0,0,0,0,6.4,1.4,250000,811000,446527,2,NA,NA
16,新潟県,15,1.013,2020/2/29,0,0,0.0449842555105713,0,5,2.4,720000,2223000,1258424,2,NA,NA
17,富山県,16,0.9321,2020/2/29,0,0,0,0,5.5,1.8,337000,1044000,424759,2,NA,NA
18,石川県,17,0.9477,2020/2/29,0,0,0.527240773286468,0,6.3,1.6,337000,1138000,418605,3,NA,NA
19,長野県,20,0.9444,2020/2/29,0,0,0.0976085895558809,0,2.4,2.2,653000,2049000,1356156,2,NA,NA
20,福井県,18,0.989,2020/2/29,0,0,0,0,5.9,1.4,235000,768000,419052,2,NA,NA
21,岐阜県,21,0.9426,2020/2/29,0,1,0.100654252642174,0,7,1.3,599000,1987000,1062129,2,NA,NA
22,静岡県,22,0.9455,2020/2/29,0,0,0.0274423710208562,0,9.4,2.1,1089000,3644000,777735,5,NA,NA
23,愛知県,23,0.8874,2020/2/29,0,1,0.357521186440678,0,7.1,1.8,1892000,7552000,517306,15,NA,NA
24,三重県,24,0.9734,2020/2/29,0,0,0,0,7.5,1.2,530000,1781000,577445,3,NA,NA
25,滋賀県,25,1.005,2020/2/29,0,0,0,0,5.9,2,368000,1414000,401738,4,NA,NA
26,京都府,26,0.8919,2020/2/29,0,1,0.0387146728610143,0,6.9,2.7,753000,2583000,461220,6,NA,NA
27,大阪府,27,0.9833,2020/2/29,0,1,0.0340560790101033,0,8,2.9,2434000,8809000,190529,46,NA,NA
28,兵庫県,28,0.995,2020/2/29,0,1,0,0,8.2,2.4,1591000,5466000,840094,7,NA,NA
29,奈良県,29,0.8971,2020/2/29,0,0,0,0,6.3,2.3,417000,1330000,369094,4,NA,NA
30,和歌山県,30,0.9263,2020/2/29,0,0,1.40540540540541,0.108108108108108,8.3,2.2,306000,925000,472465,2,NA,NA
31,鳥取県,31,0.9141,2020/2/29,0,0,0,0,6.6,2.1,178000,556000,350714,2,NA,NA
32,島根県,32,0.984,2020/2/29,0,0,0,0,6.4,1.4,231000,674000,670807,1,NA,NA
33,岡山県,33,1.0561,2020/2/29,0,0,0,0,6.7,2.2,573000,1890000,711433,3,NA,NA
34,広島県,34,0.9437,2020/2/29,0,0,0,0,7.8,2.3,823000,2804000,847964,3,NA,NA
35,山口県,35,1.0043,2020/2/29,0,0,0,0,7.3,1.3,466000,1358000,611253,2,NA,NA
36,徳島県,36,0.9294,2020/2/29,0,0,0.137362637362637,0,8.4,1.9,245000,728000,414675,2,NA,NA
37,香川県,37,0.963,2020/2/29,0,0,0,0,8,2,305000,956000,187679,5,NA,NA
38,愛媛県,38,1.0013,2020/2/29,0,0,0,0,7.6,2,442000,1339000,567616,2,NA,NA
39,高知県,39,1.046,2020/2/29,0,0,0.143266475644699,0,9,2.2,246000,698000,710364,1,NA,NA
40,福岡県,40,0.9391,2020/2/29,0,1,0.0391849529780564,0,9.7,2.8,1425000,5104000,498651,10,NA,NA
41,佐賀県,41,1.0166,2020/2/29,0,0,0,0,8.8,2,246000,815000,244070,3,NA,NA
42,長崎県,42,1.0043,2020/2/29,0,0,0,0,9.8,2.1,433000,1327000,413100,3,NA,NA
43,熊本県,43,0.9196,2020/2/29,0,0,0.28604118993135,0,8.9,2.8,543000,1748000,740945,2,NA,NA
44,大分県,44,0.8932,2020/2/29,0,0,0,0,8.7,2,373000,1135000,634076,2,NA,NA
45,宮崎県,45,1.0882,2020/2/29,0,0,0,0,10.4,2.1,346000,1073000,773533,1,NA,NA
46,鹿児島県,46,1.017,2020/2/29,0,0,0,0,11.4,2.2,512000,1602000,918708,2,NA,NA
47,沖縄県,47,0.9491,2020/2/29,0,0,0.206469373709566,0,18.7,3,322000,1453000,228100,6,NA,NA
48,北海道,1,0.6433,2020/3/31,0,0,2.03809523809524,0.0952380952380952,3.3,2.5,1673000,5250000,7842133,1,1.31428571428571,0.0380952380952381
49,青森県,2,0.7742,2020/3/31,0,0,0.642054574638844,0,5.1,3.1,415000,1246000,964564,1,0,0
50,岩手県,3,0.6616,2020/3/31,0,0,0,0,4.8,2.3,406000,1227000,1527501,1,0,0
51,宮城県,4,0.6556,2020/3/31,0,0,0.2601908065915,0,7.5,2.8,652000,2306000,728229,3,0.0433651344319167,0
52,秋田県,5,0.6325,2020/3/31,0,0,0.62111801242236,0,6.4,3.3,359000,966000,1163752,1,0,0
53,山形県,6,0.5939,2020/3/31,0,0,0.0927643784786642,0,6.1,2.3,360000,1078000,932315,1,0,0
54,福島県,7,0.728,2020/3/31,0,0,0.216684723726977,0,7.6,2.3,582000,1846000,1378390,1,0,0
55,茨城県,8,0.602,2020/3/31,0,0,0.839160839160839,0,9.3,2.3,843000,2860000,609739,5,0,0
56,栃木県,9,0.642,2020/3/31,0,1,0.672182006204757,0,9.1,2.1,554000,1934000,640809,3,0.0517063081695967,0
57,群馬県,10,0.6447,2020/3/31,0,0,0.978372811534501,0.0514933058702369,9.6,2.3,580000,1942000,636228,3,0,0
58,埼玉県,11,0.7717,2020/3/31,0,1,1.3469387755102,0.0272108843537415,10.1,2.5,1961000,7350000,379775,19,0.0136054421768707,0
59,千葉県,12,0.6648,2020/3/31,0,1,2.52436491452309,0.015976993129893,11.2,2.2,1743000,6259000,515760,12,0.191723917558715,0
60,東京都,13,0.677,2020/3/31,0,1,3.51267868687594,0.10775087996552,10.7,2.6,3209000,13921000,219407,63,0.244235327921845,0.00718339199770131
61,神奈川県,14,0.7388,2020/3/31,0,1,1.30463144161774,0.0543596434007393,11.2,2.1,2329000,9198000,241630,38,0.228310502283105,0.0108719286801479
62,山梨県,19,0.5795,2020/3/31,0,0,0.739827373612824,0,10.3,1.4,250000,811000,446527,2,0,0
63,新潟県,15,0.6628,2020/3/31,0,0,1.34952766531714,0,7.9,2.4,720000,2223000,1258424,2,0.0449842555105713,0
64,富山県,16,0.6294,2020/3/31,0,0,0.191570881226054,0,8.4,1.8,337000,1044000,424759,2,0,0
65,石川県,17,0.6131,2020/3/31,0,0,0.615114235500879,0,9,1.6,337000,1138000,418605,3,0.527240773286468,0
66,長野県,20,0.6562,2020/3/31,0,0,0.292825768667643,0,6.2,2.2,653000,2049000,1356156,2,0.0976085895558809,0
67,福井県,18,0.6576,2020/3/31,0,0,2.60416666666667,0,8.8,1.4,235000,768000,419052,2,0,0
68,岐阜県,21,0.6794,2020/3/31,0,1,1.20785103170609,0,10.5,1.3,599000,1987000,1062129,2,0.100654252642174,0
69,静岡県,22,0.6551,2020/3/31,0,0,0.246981339187706,0,12.2,2.1,1089000,3644000,777735,5,0.0274423710208562,0
70,愛知県,23,0.6271,2020/3/31,0,1,1.97298728813559,0.251588983050847,10.7,1.8,1892000,7552000,517306,15,0.357521186440678,0
71,三重県,24,0.6815,2020/3/31,0,0,0.561482313307131,0,10.4,1.2,530000,1781000,577445,3,0,0
72,滋賀県,25,0.6521,2020/3/31,0,0,0.495049504950495,0,9.6,2,368000,1414000,401738,4,0,0
73,京都府,26,0.5415,2020/3/31,0,1,2.59388308168796,0,10.6,2.7,753000,2583000,461220,6,0.0387146728610143,0
74,大阪府,27,0.736,2020/3/31,0,1,2.72448632080826,0.0227040526734022,11.4,2.9,2434000,8809000,190529,46,0.0340560790101033,0
75,兵庫県,28,0.7197,2020/3/31,0,1,2.70764727405781,0.201244054152945,11.4,2.4,1591000,5466000,840094,7,0,0
76,奈良県,29,0.6274,2020/3/31,0,0,0.75187969924812,0,10,2.3,417000,1330000,369094,4,0,0
77,和歌山県,30,0.6547,2020/3/31,0,0,0.540540540540541,0,11.3,2.2,306000,925000,472465,2,1.40540540540541,0.108108108108108
78,鳥取県,31,0.6512,2020/3/31,0,0,0,0,9.7,2.1,178000,556000,350714,2,0,0
79,島根県,32,0.6988,2020/3/31,0,0,0,0,9.8,1.4,231000,674000,670807,1,0,0
80,岡山県,33,0.7435,2020/3/31,0,0,0.211640211640212,0,10.4,2.2,573000,1890000,711433,3,0,0
81,広島県,34,0.7376,2020/3/31,0,0,0.21398002853067,0,11,2.3,823000,2804000,847964,3,0,0
82,山口県,35,0.7069,2020/3/31,0,0,0.441826215022091,0,10.2,1.3,466000,1358000,611253,2,0,0
83,徳島県,36,0.6245,2020/3/31,0,0,0.274725274725275,0,11.3,1.9,245000,728000,414675,2,0.137362637362637,0
84,香川県,37,0.671,2020/3/31,0,0,0.209205020920502,0,8,2,305000,956000,187679,5,0,0
85,愛媛県,38,0.6336,2020/3/31,0,0,0.672143390589993,0,11,2,442000,1339000,567616,2,0,0
86,高知県,39,0.652,2020/3/31,0,0,2.29226361031519,0,12.3,2.2,246000,698000,710364,1,0.143266475644699,0
87,福岡県,40,0.6875,2020/3/31,0,1,0.862068965517241,0,12.4,2.8,1425000,5104000,498651,10,0.0391849529780564,0
88,佐賀県,41,0.7064,2020/3/31,0,0,0.245398773006135,0,11.9,2,246000,815000,244070,3,0,0
89,長崎県,42,0.7216,2020/3/31,0,0,0.150715900527506,0,12.3,2.1,433000,1327000,413100,3,0,0
90,熊本県,43,0.7104,2020/3/31,0,0,0.51487414187643,0,12.2,2.8,543000,1748000,740945,2,0.28604118993135,0
91,大分県,44,0.5588,2020/3/31,0,0,2.55506607929515,0,11.5,2,373000,1135000,634076,2,0,0
92,宮崎県,45,0.7918,2020/3/31,0,0,0.279589934762349,0,13.4,2.1,346000,1073000,773533,1,0,0
93,鹿児島県,46,0.7668,2020/3/31,0,0,0.0624219725343321,0,14,2.2,512000,1602000,918708,2,0,0
94,沖縄県,47,0.7756,2020/3/31,0,0,0.412938747419133,0,20.1,3,322000,1453000,228100,6,0.206469373709566,0
95,北海道,1,0.5241,2020/4/30,1,0,11.2380952380952,0.419047619047619,6.8,3.3,1673000,5250000,7842133,1,2.03809523809524,0.0952380952380952
96,青森県,2,0.47468,2020/4/30,1,0,1.4446227929374,0,7.8,2.8,415000,1246000,964564,1,0.642054574638844,0
97,岩手県,3,0.45886,2020/4/30,1,0,0,0,7.3,2.6,406000,1227000,1527501,1,0,0
98,宮城県,4,0.31407,2020/4/30,1,0,3.51257588898526,0,10.1,2.6,652000,2306000,728229,3,0.2601908065915,0
99,秋田県,5,0.37008,2020/4/30,1,0,1.0351966873706,0,8.6,3,359000,966000,1163752,1,0.62111801242236,0
100,山形県,6,0.27579,2020/4/30,1,0,6.2152133580705,0,9,2.4,360000,1078000,932315,1,0.0927643784786642,0
101,福島県,7,0.47831,2020/4/30,1,0,3.73781148429036,0,10.7,2.5,582000,1846000,1378390,1,0.216684723726977,0
102,茨城県,8,0.31692,2020/4/30,1,0,4.86013986013986,0.244755244755245,11.4,2.5,843000,2860000,609739,5,0.839160839160839,0
103,栃木県,9,0.31506,2020/4/30,1,1,2.06825232678387,0,11.4,2.5,554000,1934000,640809,3,0.672182006204757,0
104,群馬県,10,0.34633,2020/4/30,1,0,6.53964984552008,0.772399588053553,12.1,2.1,580000,1942000,636228,3,0.978372811534501,0.0514933058702369
105,埼玉県,11,0.39459,2020/4/30,1,1,10.3265306122449,0.435374149659864,12.5,3.1,1961000,7350000,379775,19,1.3469387755102,0.0272108843537415
106,千葉県,12,0.35715,2020/4/30,1,1,10.592746445119,0.495286787026682,13.4,2.8,1743000,6259000,515760,12,2.52436491452309,0.015976993129893
107,東京都,13,0.33903,2020/4/30,1,1,26.9233532073845,0.747072767760937,12.8,3.2,3209000,13921000,219407,63,3.51267868687594,0.10775087996552
108,神奈川県,14,0.40384,2020/4/30,1,1,9.57816916721026,0.30441400304414,13.4,3.1,2329000,9198000,241630,38,1.30463144161774,0.0543596434007393
109,山梨県,19,0.26748,2020/4/30,1,0,5.79531442663379,0,12.8,2.2,250000,811000,446527,2,0.739827373612824,0
110,新潟県,15,0.46082,2020/4/30,1,0,1.97930724246514,0,10.1,2.3,720000,2223000,1258424,2,1.34952766531714,0
111,富山県,16,0.30652,2020/4/30,1,0,18.9655172413793,0.862068965517241,10.9,1.9,337000,1044000,424759,2,0.191570881226054,0
112,石川県,17,0.2619,2020/4/30,1,0,20.9138840070299,0.70298769771529,11.2,1.9,337000,1138000,418605,3,0.615114235500879,0
113,長野県,20,0.32763,2020/4/30,1,0,2.83064909712055,0,8.6,2.1,653000,2049000,1356156,2,0.292825768667643,0
114,福井県,18,0.24517,2020/4/30,1,0,13.28125,1.04166666666667,11.2,1.4,235000,768000,419052,2,2.60416666666667,0
115,岐阜県,21,0.33953,2020/4/30,1,1,6.19023653749371,0.301962757926522,13.1,1.6,599000,1987000,1062129,2,1.20785103170609,0
116,静岡県,22,0.35996,2020/4/30,1,0,1.67398463227223,0.0274423710208562,14.6,2.4,1089000,3644000,777735,5,0.246981339187706,0
117,愛知県,23,0.34688,2020/4/30,1,1,4.0916313559322,0.185381355932203,13.4,2.3,1892000,7552000,517306,15,1.97298728813559,0.251588983050847
118,三重県,24,0.39266,2020/4/30,1,0,1.90903986524424,0.0561482313307131,13.1,1.6,530000,1781000,577445,3,0.561482313307131,0
119,滋賀県,25,0.35734,2020/4/30,1,0,6.22347949080622,0.0707213578500707,11.9,2.3,368000,1414000,401738,4,0.495049504950495,0
120,京都府,26,0.20115,2020/4/30,1,1,9.7173828881146,0.387146728610143,12.9,2.6,753000,2583000,461220,6,2.59388308168796,0
121,大阪府,27,0.42095,2020/4/30,1,1,15.6771483709842,0.442729027131343,13.7,3.3,2434000,8809000,190529,46,2.72448632080826,0.0227040526734022
122,兵庫県,28,0.39346,2020/4/30,1,1,9.11086717892426,0.292718624222466,13.6,2.8,1591000,5466000,840094,7,2.70764727405781,0.201244054152945
123,奈良県,29,0.35913,2020/4/30,1,0,5.18796992481203,0.075187969924812,12.5,2.6,417000,1330000,369094,4,0.75187969924812,0
124,和歌山県,30,0.46979,2020/4/30,1,0,4.75675675675676,0.108108108108108,13.7,2.3,306000,925000,472465,2,0.540540540540541,0
125,鳥取県,31,0.40283,2020/4/30,1,0,0.539568345323741,0,11.6,2.6,178000,556000,350714,2,0,0
126,島根県,32,0.38504,2020/4/30,1,0,3.41246290801187,0,11.6,0.8,231000,674000,670807,1,0,0
127,岡山県,33,0.44663,2020/4/30,1,0,1.00529100529101,0,12.7,2.1,573000,1890000,711433,3,0.211640211640212,0
128,広島県,34,0.42216,2020/4/30,1,0,5.31383737517832,0.0713266761768902,13.2,2.4,823000,2804000,847964,3,0.21398002853067,0
129,山口県,35,0.43505,2020/4/30,1,0,1.91458026509573,0,12.4,2,466000,1358000,611253,2,0.441826215022091,0
130,徳島県,36,0.38677,2020/4/30,1,0,0.274725274725275,0.137362637362637,13.8,2.2,245000,728000,414675,2,0.274725274725275,0
131,香川県,37,0.41541,2020/4/30,1,0,2.71966527196653,0,8,2.4,305000,956000,187679,5,0.209205020920502,0
132,愛媛県,38,0.39306,2020/4/30,1,0,2.83793876026886,0.224047796863331,13.5,1.9,442000,1339000,567616,2,0.672143390589993,0
133,高知県,39,0.3608,2020/4/30,1,0,8.16618911174785,0.429799426934097,14.4,2.7,246000,698000,710364,1,2.29226361031519,0
134,福岡県,40,0.28751,2020/4/30,1,1,11.6575235109718,0.391849529780564,14.1,3,1425000,5104000,498651,10,0.862068965517241,0
135,佐賀県,41,0.44735,2020/4/30,1,0,4.78527607361963,0,13.9,1.8,246000,815000,244070,3,0.245398773006135,0
136,長崎県,42,0.45361,2020/4/30,1,0,1.13036925395629,0.0753579502637528,14,2.6,433000,1327000,413100,3,0.150715900527506,0
137,熊本県,43,0.3901,2020/4/30,1,0,1.88787185354691,0.05720823798627,14.1,3.3,543000,1748000,740945,2,0.51487414187643,0
138,大分県,44,0.3571,2020/4/30,1,0,2.73127753303965,0.0881057268722467,14,2.3,373000,1135000,634076,2,2.55506607929515,0
139,宮崎県,45,0.50456,2020/4/30,1,0,1.30475302889096,0,15.3,2.1,346000,1073000,773533,1,0.279589934762349,0
140,鹿児島県,46,0.4733,2020/4/30,1,0,0.561797752808989,0,15.7,2.9,512000,1602000,918708,2,0.0624219725343321,0
141,沖縄県,47,0.35621,2020/4/30,1,0,9.15347556779078,0.344115622849277,19.8,3.5,322000,1453000,228100,6,0.412938747419133,0
142,北海道,1,0.5019,2020/5/31,1,0,6.17142857142857,1.08571428571429,13.7,3.3,1673000,5250000,7842133,1,11.2380952380952,0.419047619047619
143,青森県,2,0.4821,2020/5/31,1,0,0.0802568218298555,0.0802568218298555,14.4,2.8,415000,1246000,964564,1,1.4446227929374,0
144,岩手県,3,0.4809,2020/5/31,1,0,0,0,15.4,2.6,406000,1227000,1527501,1,0,0
145,宮城県,4,0.3225,2020/5/31,1,0,0,0.0433651344319167,16.8,2.6,652000,2306000,728229,3,3.51257588898526,0
146,秋田県,5,0.3844,2020/5/31,1,0,0,0,15.5,3,359000,966000,1163752,1,1.0351966873706,0
147,山形県,6,0.3018,2020/5/31,1,0,0.0927643784786642,0,17.2,2.4,360000,1078000,932315,1,6.2152133580705,0
148,福島県,7,0.4613,2020/5/31,1,0,0.433369447453955,0,18,2.5,582000,1846000,1378390,1,3.73781148429036,0
149,茨城県,8,0.3044,2020/5/31,1,0,0.174825174825175,0.104895104895105,18.5,2.5,843000,2860000,609739,5,4.86013986013986,0.244755244755245
150,栃木県,9,0.32,2020/5/31,1,1,0.568769389865564,0,18.7,2.5,554000,1934000,640809,3,2.06825232678387,0
151,群馬県,10,0.3244,2020/5/31,1,0,0.154479917610711,0.154479917610711,19.5,2.1,580000,1942000,636228,3,6.53964984552008,0.772399588053553
152,埼玉県,11,0.353,2020/5/31,1,1,1.91836734693878,0.19047619047619,19.5,3.1,1961000,7350000,379775,19,10.3265306122449,0.435374149659864
153,千葉県,12,0.3471,2020/5/31,1,1,1.02252756031315,0.207700910688608,19.7,2.8,1743000,6259000,515760,12,10.592746445119,0.495286787026682
154,東京都,13,0.3509,2020/5/31,1,1,6.87450614180016,1.32892751957474,19.5,3.2,3209000,13921000,219407,63,26.9233532073845,0.747072767760937
155,神奈川県,14,0.3793,2020/5/31,1,1,3.73994346597086,0.565340291367689,19.7,3.1,2329000,9198000,241630,38,9.57816916721026,0.30441400304414
156,山梨県,19,0.2258,2020/5/31,1,0,1.35635018495684,0.123304562268804,19.8,2.2,250000,811000,446527,2,5.79531442663379,0
157,新潟県,15,0.434,2020/5/31,1,0,0.314889788573999,0,17.2,2.3,720000,2223000,1258424,2,1.97930724246514,0
158,富山県,16,0.288,2020/5/31,1,0,2.58620689655172,1.24521072796935,18.7,1.9,337000,1044000,424759,2,18.9655172413793,0.862068965517241
159,石川県,17,0.2184,2020/5/31,1,0,4.13005272407733,1.49384885764499,18.5,1.9,337000,1138000,418605,3,20.9138840070299,0.70298769771529
160,長野県,20,0.285,2020/5/31,1,0,0.488042947779405,0,17.7,2.1,653000,2049000,1356156,2,2.83064909712055,0
161,福井県,18,0.3239,2020/5/31,1,0,0,0,18.7,1.4,235000,768000,419052,2,13.28125,1.04166666666667
162,岐阜県,21,0.3744,2020/5/31,1,1,0.0503271263210871,0.0503271263210871,20.4,1.6,599000,1987000,1062129,2,6.19023653749371,0.301962757926522
163,静岡県,22,0.3352,2020/5/31,1,0,0.109769484083425,0,20.3,2.4,1089000,3644000,777735,5,1.67398463227223,0.0274423710208562
164,愛知県,23,0.3265,2020/5/31,1,1,0.317796610169492,0.0132415254237288,20.6,2.3,1892000,7552000,517306,15,4.0916313559322,0.185381355932203
165,三重県,24,0.4137,2020/5/31,1,0,0,0,20.2,1.6,530000,1781000,577445,3,1.90903986524424,0.0561482313307131
166,滋賀県,25,0.3421,2020/5/31,1,0,0.353606789250354,0,19,2.3,368000,1414000,401738,4,6.22347949080622,0.0707213578500707
167,京都府,26,0.1402,2020/5/31,1,1,1.47115756871854,0.2710027100271,20.6,2.6,753000,2583000,461220,6,9.7173828881146,0.387146728610143
168,大阪府,27,0.4104,2020/5/31,1,1,1.79362016119877,0.476785106141446,20.8,3.3,2434000,8809000,190529,46,15.6771483709842,0.442729027131343
169,兵庫県,28,0.4121,2020/5/31,1,1,0.969630442736919,0.274423710208562,20.6,2.8,1591000,5466000,840094,7,9.11086717892426,0.292718624222466
170,奈良県,29,0.3737,2020/5/31,1,0,0.601503759398496,0.075187969924812,19.9,2.6,417000,1330000,369094,4,5.18796992481203,0.075187969924812
171,和歌山県,30,0.3894,2020/5/31,1,0,0.108108108108108,0.108108108108108,20.5,2.3,306000,925000,472465,2,4.75675675675676,0.108108108108108
172,鳥取県,31,0.3588,2020/5/31,1,0,0,0,18.7,2.6,178000,556000,350714,2,0.539568345323741,0
173,島根県,32,0.3579,2020/5/31,1,0,0.148367952522255,0,18.4,0.8,231000,674000,670807,1,3.41246290801187,0
174,岡山県,33,0.4392,2020/5/31,1,0,0.105820105820106,0,20.1,2.1,573000,1890000,711433,3,1.00529100529101,0
175,広島県,34,0.4075,2020/5/31,1,0,0.427960057061341,0.0356633380884451,20.3,2.4,823000,2804000,847964,3,5.31383737517832,0.0713266761768902
176,山口県,35,0.4631,2020/5/31,1,0,0.368188512518409,0,19.7,2,466000,1358000,611253,2,1.91458026509573,0
177,徳島県,36,0.3348,2020/5/31,1,0,0,0,20.4,2.2,245000,728000,414675,2,0.274725274725275,0.137362637362637
178,香川県,37,0.4,2020/5/31,1,0,0,0,8,2.4,305000,956000,187679,5,2.71966527196653,0
179,愛媛県,38,0.295,2020/5/31,1,0,2.61389096340553,0.0746825989544436,20.6,1.9,442000,1339000,567616,2,2.83793876026886,0.224047796863331
180,高知県,39,0.4434,2020/5/31,1,0,0,0,20.5,2.7,246000,698000,710364,1,8.16618911174785,0.429799426934097
181,福岡県,40,0.3072,2020/5/31,1,1,2.2923197492163,0.156739811912226,20.4,3,1425000,5104000,498651,10,11.6575235109718,0.391849529780564
182,佐賀県,41,0.4323,2020/5/31,1,0,0.736196319018405,0,21,1.8,246000,815000,244070,3,4.78527607361963,0
183,長崎県,42,0.4882,2020/5/31,1,0,0,0,20.2,2.6,433000,1327000,413100,3,1.13036925395629,0.0753579502637528
184,熊本県,43,0.3536,2020/5/31,1,0,0.05720823798627,0.11441647597254,21.3,3.3,543000,1748000,740945,2,1.88787185354691,0.05720823798627
185,大分県,44,0.4315,2020/5/31,1,0,0,0,20.2,2.3,373000,1135000,634076,2,2.73127753303965,0.0881057268722467
186,宮崎県,45,0.5536,2020/5/31,1,0,0,0,20.8,2.1,346000,1073000,773533,1,1.30475302889096,0
187,鹿児島県,46,0.4482,2020/5/31,1,0,0,0,21.7,2.9,512000,1602000,918708,2,0.561797752808989,0
188,沖縄県,47,0.3662,2020/5/31,1,0,0,0.0688231245698555,24.8,3.5,322000,1453000,228100,6,9.15347556779078,0.344115622849277
189,北海道,1,0.7362,2020/6/30,0,0,3.27619047619048,0.247619047619048,18.3,3.3,1673000,5250000,7842133,1,6.17142857142857,1.08571428571429
190,青森県,2,0.6659,2020/6/30,0,0,0,0,19.3,2.8,415000,1246000,964564,1,0.0802568218298555,0.0802568218298555
191,岩手県,3,0.6793,2020/6/30,0,0,0,0,20.4,2.6,406000,1227000,1527501,1,0,0
192,宮城県,4,0.4998,2020/6/30,0,0,0.2601908065915,0,21.2,2.6,652000,2306000,728229,3,0,0.0433651344319167
193,秋田県,5,0.5645,2020/6/30,0,0,0,0,20.9,3,359000,966000,1163752,1,0,0
194,山形県,6,0.5098,2020/6/30,0,0,0,0,22.1,2.4,360000,1078000,932315,1,0.0927643784786642,0
195,福島県,7,0.5887,2020/6/30,0,0,0.0541711809317443,0,22.4,2.5,582000,1846000,1378390,1,0.433369447453955,0
196,茨城県,8,0.4913,2020/6/30,0,0,0.20979020979021,0,22,2.5,843000,2860000,609739,5,0.174825174825175,0.104895104895105
197,栃木県,9,0.5129,2020/6/30,0,1,0.723888314374354,0,22.5,2.5,554000,1934000,640809,3,0.568769389865564,0
198,群馬県,10,0.612,2020/6/30,0,0,0.205973223480947,0,23.5,2.1,580000,1942000,636228,3,0.154479917610711,0.154479917610711
199,埼玉県,11,0.6124,2020/6/30,0,1,1.75510204081633,0.231292517006803,23.6,3.1,1961000,7350000,379775,19,1.91836734693878,0.19047619047619
200,千葉県,12,0.5855,2020/6/30,0,1,0.942642594663684,0,23.4,2.8,1743000,6259000,515760,12,1.02252756031315,0.207700910688608
201,東京都,13,0.4708,2020/6/30,0,1,7.14029164571511,0.143667839954026,23.2,3.2,3209000,13921000,219407,63,6.87450614180016,1.32892751957474
202,神奈川県,14,0.6775,2020/6/30,0,1,1.44596651445967,0.108719286801479,23.4,3.1,2329000,9198000,241630,38,3.73994346597086,0.565340291367689
203,山梨県,19,0.6089,2020/6/30,0,0,1.23304562268804,0,23.5,2.2,250000,811000,446527,2,1.35635018495684,0.123304562268804
204,新潟県,15,0.6296,2020/6/30,0,0,0.0449842555105713,0,22.3,2.3,720000,2223000,1258424,2,0.314889788573999,0
205,富山県,16,0.5019,2020/6/30,0,0,0,0,23,1.9,337000,1044000,424759,2,2.58620689655172,1.24521072796935
206,石川県,17,0.4121,2020/6/30,0,0,0.175746924428823,0.175746924428823,23.2,1.9,337000,1138000,418605,3,4.13005272407733,1.49384885764499
207,長野県,20,0.3979,2020/6/30,0,0,0.0488042947779405,0,21.8,2.1,653000,2049000,1356156,2,0.488042947779405,0
208,福井県,18,0.558,2020/6/30,0,0,0,0,23.5,1.4,235000,768000,419052,2,0,0
209,岐阜県,21,0.6559,2020/6/30,0,1,0.301962757926522,0,24.6,1.6,599000,1987000,1062129,2,0.0503271263210871,0.0503271263210871
210,静岡県,22,0.5302,2020/6/30,0,0,0.164654226125137,0,24.1,2.4,1089000,3644000,777735,5,0.109769484083425,0
211,愛知県,23,0.4969,2020/6/30,0,1,0.22510593220339,0,24.6,2.3,1892000,7552000,517306,15,0.317796610169492,0.0132415254237288
212,三重県,24,0.6734,2020/6/30,0,0,0.0561482313307131,0,24.3,1.6,530000,1781000,577445,3,0,0
213,滋賀県,25,0.5821,2020/6/30,0,0,0.0707213578500707,0,23.8,2.3,368000,1414000,401738,4,0.353606789250354,0
214,京都府,26,0.1765,2020/6/30,0,1,0.890437475803329,0.0387146728610143,24.7,2.6,753000,2583000,461220,6,1.47115756871854,0.2710027100271
215,大阪府,27,0.6663,2020/6/30,0,1,0.567601316835055,0.0340560790101033,24.9,3.3,2434000,8809000,190529,46,1.79362016119877,0.476785106141446
216,兵庫県,28,0.6839,2020/6/30,0,1,0.128064398097329,0.0548847420417124,24.3,2.8,1591000,5466000,840094,7,0.969630442736919,0.274423710208562
217,奈良県,29,0.5741,2020/6/30,0,0,0,0,24.2,2.6,417000,1330000,369094,4,0.601503759398496,0.075187969924812
218,和歌山県,30,0.704,2020/6/30,0,0,0.108108108108108,0,24.6,2.3,306000,925000,472465,2,0.108108108108108,0.108108108108108
219,鳥取県,31,0.4687,2020/6/30,0,0,0,0,23.3,2.6,178000,556000,350714,2,0,0
220,島根県,32,0.602,2020/6/30,0,0,0,0,23.1,0.8,231000,674000,670807,1,0.148367952522255,0
221,岡山県,33,0.6824,2020/6/30,0,0,0.0529100529100529,0,24.1,2.1,573000,1890000,711433,3,0.105820105820106,0
222,広島県,34,0.7314,2020/6/30,0,0,0.0356633380884451,0,24.2,2.4,823000,2804000,847964,3,0.427960057061341,0.0356633380884451
223,山口県,35,0.7054,2020/6/30,0,0,0,0,23.9,2,466000,1358000,611253,2,0.368188512518409,0
224,徳島県,36,0.5079,2020/6/30,0,0,0.137362637362637,0,24.1,2.2,245000,728000,414675,2,0,0
225,香川県,37,0.6153,2020/6/30,0,0,0,0,8,2.4,305000,956000,187679,5,0,0
226,愛媛県,38,0.4724,2020/6/30,0,0,0,0,24.6,1.9,442000,1339000,567616,2,2.61389096340553,0.0746825989544436
227,高知県,39,0.7952,2020/6/30,0,0,0,0,24,2.7,246000,698000,710364,1,0,0
228,福岡県,40,0.4895,2020/6/30,0,1,1.8025078369906,0.0979623824451411,24.9,3,1425000,5104000,498651,10,2.2923197492163,0.156739811912226
229,佐賀県,41,0.6615,2020/6/30,0,0,0,0,25.3,1.8,246000,815000,244070,3,0.736196319018405,0
230,長崎県,42,0.8186,2020/6/30,0,0,0,0,24.1,2.6,433000,1327000,413100,3,0,0
231,熊本県,43,0.63,2020/6/30,0,0,0.05720823798627,0,24.9,3.3,543000,1748000,740945,2,0.05720823798627,0.11441647597254
232,大分県,44,0.6628,2020/6/30,0,0,0,0,24,2.3,373000,1135000,634076,2,0,0
233,宮崎県,45,0.7878,2020/6/30,0,0,0,0,24.4,2.1,346000,1073000,773533,1,0,0
234,鹿児島県,46,0.7628,2020/6/30,0,0,0.0624219725343321,0,25,2.9,512000,1602000,918708,2,0,0
235,沖縄県,47,0.6696,2020/6/30,0,0,0,0.0688231245698555,28.1,3.5,322000,1453000,228100,6,0,0.0688231245698555
236,北海道,1,0.7653,2020/7/31,0,0,3.14285714285714,0.0761904761904762,21.2,2.7,1673000,5250000,7842133,1,3.27619047619048,0.247619047619048
237,青森県,2,0.7157,2020/7/31,0,0,0.401284109149278,0,21.2,2.8,415000,1246000,964564,1,0,0
238,岩手県,3,0.7184,2020/7/31,0,0,0.32599837000815,0,21.5,2.5,406000,1227000,1527501,1,0,0
239,宮城県,4,0.5824,2020/7/31,0,0,2.8620988725065,0,21.3,2.5,652000,2306000,728229,3,0.2601908065915,0
240,秋田県,5,0.7077,2020/7/31,0,0,0.20703933747412,0,23,2.6,359000,966000,1163752,1,0,0
241,山形県,6,0.5727,2020/7/31,0,0,0.649350649350649,0.0927643784786642,22.8,2.3,360000,1078000,932315,1,0,0
242,福島県,7,0.6482,2020/7/31,0,0,0.37919826652221,0,22.8,2.4,582000,1846000,1378390,1,0.0541711809317443,0
243,茨城県,8,0.5569,2020/7/31,0,0,4.1958041958042,0,22.9,2.4,843000,2860000,609739,5,0.20979020979021,0
244,栃木県,9,0.5605,2020/7/31,0,1,5.99793174767322,0,23.3,2.4,554000,1934000,640809,3,0.723888314374354,0
245,群馬県,10,0.6432,2020/7/31,0,0,1.90525231719876,0,24,2.3,580000,1942000,636228,3,0.205973223480947,0
246,埼玉県,11,0.7619,2020/7/31,0,1,16.0680272108844,0.122448979591837,24.3,3.2,1961000,7350000,379775,19,1.75510204081633,0.231292517006803
247,千葉県,12,0.63,2020/7/31,0,1,11.0081482664962,0.0639079725195718,24.7,3.1,1743000,6259000,515760,12,0.942642594663684,0
248,東京都,13,0.5217,2020/7/31,0,1,46.4334458731413,0.0502837439839092,24.3,3.5,3209000,13921000,219407,63,7.14029164571511,0.143667839954026
249,神奈川県,14,0.7572,2020/7/31,0,1,10.6871058925853,0.0326157860404436,24.4,3.4,2329000,9198000,241630,38,1.44596651445967,0.108719286801479
250,山梨県,19,0.5671,2020/7/31,0,0,2.83600493218249,0,24.6,1.8,250000,811000,446527,2,1.23304562268804,0
251,新潟県,15,0.698,2020/7/31,0,0,1.21457489878543,0,23.6,2.1,720000,2223000,1258424,2,0.0449842555105713,0
252,富山県,16,0.5738,2020/7/31,0,0,1.0536398467433,0,23.9,1.7,337000,1044000,424759,2,0,0
253,石川県,17,0.5344,2020/7/31,0,0,1.84534270650264,0,24.3,1.9,337000,1138000,418605,3,0.175746924428823,0.175746924428823
254,長野県,20,0.5271,2020/7/31,0,0,1.36652025378233,0,22.9,2,653000,2049000,1356156,2,0.0488042947779405,0
255,福井県,18,0.6563,2020/7/31,0,0,2.21354166666667,0,24.5,1.4,235000,768000,419052,2,0,0
256,岐阜県,21,0.6948,2020/7/31,0,1,8.80724710619024,0,25.4,1.8,599000,1987000,1062129,2,0.301962757926522,0
257,静岡県,22,0.5948,2020/7/31,0,0,5.26893523600439,0,25.2,2.6,1089000,3644000,777735,5,0.164654226125137,0
258,愛知県,23,0.6204,2020/7/31,0,1,17.3066737288136,0.0132415254237288,25.4,3,1892000,7552000,517306,15,0.22510593220339,0
259,三重県,24,0.7271,2020/7/31,0,0,3.08815272318922,0,25.2,2.3,530000,1781000,577445,3,0.0561482313307131,0
260,滋賀県,25,0.6794,2020/7/31,0,0,4.95049504950495,0,24.7,2.7,368000,1414000,401738,4,0.0707213578500707,0
261,京都府,26,0.3873,2020/7/31,0,1,15.7181571815718,0.0774293457220287,25.7,2.6,753000,2583000,461220,6,0.890437475803329,0.0387146728610143
262,大阪府,27,0.7886,2020/7/31,0,1,25.2355545464866,0.0454081053468044,26,3.9,2434000,8809000,190529,46,0.567601316835055,0.0340560790101033
263,兵庫県,28,0.7756,2020/7/31,0,1,9.40358580314673,0,25.7,2.7,1591000,5466000,840094,7,0.128064398097329,0.0548847420417124
264,奈良県,29,0.6416,2020/7/31,0,0,10.9774436090226,0,25.3,2.7,417000,1330000,369094,4,0,0
265,和歌山県,30,0.7321,2020/7/31,0,0,9.2972972972973,0,26.2,2.3,306000,925000,472465,2,0.108108108108108,0
266,鳥取県,31,0.6094,2020/7/31,0,0,2.15827338129496,0,24.6,2.3,178000,556000,350714,2,0,0
267,島根県,32,0.7053,2020/7/31,0,0,0.741839762611276,0,24,1.1,231000,674000,670807,1,0,0
268,岡山県,33,0.7478,2020/7/31,0,0,2.8042328042328,0,25.2,2.3,573000,1890000,711433,3,0.0529100529100529,0
269,広島県,34,0.762,2020/7/31,0,0,5.74179743223966,0,25.2,2.5,823000,2804000,847964,3,0.0356633380884451,0
270,山口県,35,0.7218,2020/7/31,0,0,1.17820324005891,0,24.5,2.1,466000,1358000,611253,2,0,0
271,徳島県,36,0.6131,2020/7/31,0,0,2.60989010989011,0,25.7,2.2,245000,728000,414675,2,0.137362637362637,0
272,香川県,37,0.6417,2020/7/31,0,0,1.88284518828452,0,8,2.2,305000,956000,187679,5,0,0
273,愛媛県,38,0.584,2020/7/31,0,0,0.522778192681105,0.0746825989544436,25.8,2.2,442000,1339000,567616,2,0,0
274,高知県,39,0.8998,2020/7/31,0,0,0.859598853868195,0,25.8,2.7,246000,698000,710364,1,0,0
275,福岡県,40,0.6127,2020/7/31,0,1,21.0619122257053,0.0195924764890282,25.5,3.1,1425000,5104000,498651,10,1.8025078369906,0.0979623824451411
276,佐賀県,41,0.7532,2020/7/31,0,0,4.29447852760736,0,25.5,1.8,246000,815000,244070,3,0,0
277,長崎県,42,0.8583,2020/7/31,0,0,4.29540316503391,0.0753579502637528,25.5,2.6,433000,1327000,413100,3,0,0
278,熊本県,43,0.6829,2020/7/31,0,0,8.12356979405034,0,25.8,2.7,543000,1748000,740945,2,0.05720823798627,0
279,大分県,44,0.677,2020/7/31,0,0,0.52863436123348,0,25.1,1.8,373000,1135000,634076,2,0,0
280,宮崎県,45,0.8158,2020/7/31,0,0,11.5563839701771,0,26.1,2.3,346000,1073000,773533,1,0,0
281,鹿児島県,46,0.605,2020/7/31,0,0,15.043695380774,0.0624219725343321,26.8,2.9,512000,1602000,918708,2,0.0624219725343321,0
282,沖縄県,47,0.7751,2020/7/31,0,0,17.4122505161734,0,29.3,3.5,322000,1453000,228100,6,0,0.0688231245698555
283,北海道,1,0.6941,2020/8/31,0,0,6.72380952380952,0,23.3,2.7,1673000,5250000,7842133,1,3.14285714285714,0.0761904761904762
284,青森県,2,0.6385,2020/8/31,0,0,0.240770465489567,0,25.2,2.8,415000,1246000,964564,1,0.401284109149278,0
285,岩手県,3,0.6067,2020/8/31,0,0,1.22249388753056,0,25.3,2.5,406000,1227000,1527501,1,0.32599837000815,0
286,宮城県,4,0.5186,2020/8/31,0,0,2.03816131830009,0.0433651344319167,26.6,2.5,652000,2306000,728229,3,2.8620988725065,0
287,秋田県,5,0.5735,2020/8/31,0,0,3.20910973084886,0,26.2,2.6,359000,966000,1163752,1,0.20703933747412,0
288,山形県,6,0.5136,2020/8/31,0,0,0.185528756957328,0,27,2.3,360000,1078000,932315,1,0.649350649350649,0.0927643784786642
289,福島県,7,0.6278,2020/8/31,0,0,3.90032502708559,0,27.8,2.4,582000,1846000,1378390,1,0.37919826652221,0
290,茨城県,8,0.4719,2020/8/31,0,0,8.77622377622378,0.104895104895105,27.4,2.4,843000,2860000,609739,5,4.1958041958042,0
291,栃木県,9,0.5434,2020/8/31,0,1,5.58428128231644,0.0517063081695967,28.2,2.4,554000,1934000,640809,3,5.99793174767322,0
292,群馬県,10,0.6465,2020/8/31,0,0,12.8733264675592,0,29.5,2.3,580000,1942000,636228,3,1.90525231719876,0
293,埼玉県,11,0.7194,2020/8/31,0,1,21.9455782312925,0.204081632653061,29.4,3.2,1961000,7350000,379775,19,16.0680272108844,0.122448979591837
294,千葉県,12,0.6152,2020/8/31,0,1,22.2080204505512,0.207700910688608,29,3.1,1743000,6259000,515760,12,11.0081482664962,0.0639079725195718
295,東京都,13,0.5229,2020/8/31,0,1,58.3650599813232,0.222685151928741,29.1,3.5,3209000,13921000,219407,63,46.4334458731413,0.0502837439839092
296,神奈川県,14,0.7619,2020/8/31,0,1,26.908023483366,0.260926288323549,29.1,3.4,2329000,9198000,241630,38,10.6871058925853,0.0326157860404436
297,山梨県,19,0.5525,2020/8/31,0,0,9.3711467324291,0.369913686806412,29,1.8,250000,811000,446527,2,2.83600493218249,0
298,新潟県,15,0.6302,2020/8/31,0,0,1.43949617633828,0,27.7,2.1,720000,2223000,1258424,2,1.21457489878543,0
299,富山県,16,0.546,2020/8/31,0,0,14.367816091954,0.28735632183908,28.8,1.7,337000,1044000,424759,2,1.0536398467433,0
300,石川県,17,0.4295,2020/8/31,0,0,26.8014059753954,0.527240773286468,28.9,1.9,337000,1138000,418605,3,1.84534270650264,0
301,長野県,20,0.4997,2020/8/31,0,0,7.36944851146901,0,27.2,2,653000,2049000,1356156,2,1.36652025378233,0
302,福井県,18,0.5625,2020/8/31,0,0,11.5885416666667,0,29,1.4,235000,768000,419052,2,2.21354166666667,0
303,岐阜県,21,0.6004,2020/8/31,0,1,11.2732762959235,0.150981378963261,30.3,1.8,599000,1987000,1062129,2,8.80724710619024,0
304,静岡県,22,0.5136,2020/8/31,0,0,5.68057080131723,0,29.2,2.6,1089000,3644000,777735,5,5.26893523600439,0
305,愛知県,23,0.5201,2020/8/31,0,1,36.5995762711864,0.397245762711864,30.3,3,1892000,7552000,517306,15,17.3066737288136,0.0132415254237288
306,三重県,24,0.6145,2020/8/31,0,0,15.6653565412689,0.0561482313307131,29.8,2.3,530000,1781000,577445,3,3.08815272318922,0
307,滋賀県,25,0.641,2020/8/31,0,0,19.7312588401697,0.282885431400283,29.4,2.7,368000,1414000,401738,4,4.95049504950495,0
308,京都府,26,0.4094,2020/8/31,0,1,25.7452574525745,0.116144018583043,30.5,2.6,753000,2583000,461220,6,15.7181571815718,0.0774293457220287
309,大阪府,27,0.688,2020/8/31,0,1,50.9251901464411,0.703825632875468,30.7,3.9,2434000,8809000,190529,46,25.2355545464866,0.0454081053468044
310,兵庫県,28,0.7196,2020/8/31,0,1,19.3011342846689,0.146359312111233,30,2.7,1591000,5466000,840094,7,9.40358580314673,0
311,奈良県,29,0.6008,2020/8/31,0,0,20.9022556390977,0.300751879699248,29.7,2.7,417000,1330000,369094,4,10.9774436090226,0
312,和歌山県,30,0.7255,2020/8/31,0,0,8.64864864864865,0.108108108108108,30,2.3,306000,925000,472465,2,9.2972972972973,0
313,鳥取県,31,0.5143,2020/8/31,0,0,1.2589928057554,0,29.3,2.3,178000,556000,350714,2,2.15827338129496,0
314,島根県,32,0.6267,2020/8/31,0,0,16.0237388724036,0,29.1,1.1,231000,674000,670807,1,0.741839762611276,0
315,岡山県,33,0.6178,2020/8/31,0,0,3.49206349206349,0.0529100529100529,29.9,2.3,573000,1890000,711433,3,2.8042328042328,0
316,広島県,34,0.6745,2020/8/31,0,0,4.60057061340942,0,29.9,2.5,823000,2804000,847964,3,5.74179743223966,0
317,山口県,35,0.6446,2020/8/31,0,0,8.46833578792342,0,28.7,2.1,466000,1358000,611253,2,1.17820324005891,0
318,徳島県,36,0.4964,2020/8/31,0,0,14.4230769230769,0.412087912087912,29.9,2.2,245000,728000,414675,2,2.60989010989011,0
319,香川県,37,0.5645,2020/8/31,0,0,3.34728033472803,0.104602510460251,8,2.2,305000,956000,187679,5,1.88284518828452,0
320,愛媛県,38,0.6054,2020/8/31,0,0,1.86706497386109,0.0746825989544436,30.6,2.2,442000,1339000,567616,2,0.522778192681105,0.0746825989544436
321,高知県,39,0.7851,2020/8/31,0,0,6.44699140401146,0,29.2,2.7,246000,698000,710364,1,0.859598853868195,0
322,福岡県,40,0.5875,2020/8/31,0,1,52.3119122257053,0.54858934169279,30.2,3.1,1425000,5104000,498651,10,21.0619122257053,0.0195924764890282
323,佐賀県,41,0.6204,2020/8/31,0,0,19.0184049079755,0,29.6,1.8,246000,815000,244070,3,4.29447852760736,0
324,長崎県,42,0.7136,2020/8/31,0,0,11.8311981914092,0.0753579502637528,28.8,2.6,433000,1327000,413100,3,4.29540316503391,0.0753579502637528
325,熊本県,43,0.5551,2020/8/31,0,0,18.8215102974828,0.22883295194508,29.7,2.7,543000,1748000,740945,2,8.12356979405034,0
326,大分県,44,0.5812,2020/8/31,0,0,6.96035242290749,0,29.3,1.8,373000,1135000,634076,2,0.52863436123348,0
327,宮崎県,45,0.5235,2020/8/31,0,0,20.2236719478099,0.0931966449207828,29.3,2.3,346000,1073000,773533,1,11.5563839701771,0
328,鹿児島県,46,0.6257,2020/8/31,0,0,6.86641697877653,0.624219725343321,29.8,2.9,512000,1602000,918708,2,15.043695380774,0.0624219725343321
329,沖縄県,47,0.5351,2020/8/31,0,0,119.13282863042,1.44528561596696,29.4,3.5,322000,1453000,228100,6,17.4122505161734,0
330,北海道,1,0.778,2020/9/30,0,0,6.20952380952381,0.0761904761904762,20.1,2.7,1673000,5250000,7842133,1,6.72380952380952,0
331,青森県,2,0.8244,2020/9/30,0,0,0.0802568218298555,0,21.3,2.8,415000,1246000,964564,1,0.240770465489567,0
332,岩手県,3,0.6776,2020/9/30,0,0,0.32599837000815,0,21,2.5,406000,1227000,1527501,1,1.22249388753056,0
333,宮城県,4,0.624,2020/9/30,0,0,8.62966175195143,0,22.5,2.5,652000,2306000,728229,3,2.03816131830009,0.0433651344319167
334,秋田県,5,0.6747,2020/9/30,0,0,0.41407867494824,0,22.9,2.6,359000,966000,1163752,1,3.20910973084886,0
335,山形県,6,0.6158,2020/9/30,0,0,0,0,22.4,2.3,360000,1078000,932315,1,0.185528756957328,0
336,福島県,7,0.6632,2020/9/30,0,0,4.98374864572048,0.162513542795233,22.6,2.4,582000,1846000,1378390,1,3.90032502708559,0
337,茨城県,8,0.4805,2020/9/30,0,0,3.91608391608392,0.13986013986014,23.5,2.4,843000,2860000,609739,5,8.77622377622378,0.104895104895105
338,栃木県,9,0.6085,2020/9/30,0,1,6.56670113753878,0,23.5,2.4,554000,1934000,640809,3,5.58428128231644,0.0517063081695967
339,群馬県,10,0.6569,2020/9/30,0,0,13.4397528321318,0,24,2.3,580000,1942000,636228,3,12.8733264675592,0
340,埼玉県,11,0.8465,2020/9/30,0,1,9.87755102040816,0.17687074829932,24.3,3.2,1961000,7350000,379775,19,21.9455782312925,0.204081632653061
341,千葉県,12,0.6529,2020/9/30,0,1,13.5005591947595,0.143792938169037,24.7,3.1,1743000,6259000,515760,12,22.2080204505512,0.207700910688608
342,東京都,13,0.5874,2020/9/30,0,1,35.3279218446951,0.323252639896559,24.2,3.5,3209000,13921000,219407,63,58.3650599813232,0.222685151928741
343,神奈川県,14,0.8221,2020/9/30,0,1,21.0480539247663,0.163078930202218,24.6,3.4,2329000,9198000,241630,38,26.908023483366,0.260926288323549
344,山梨県,19,0.5855,2020/9/30,0,0,2.09617755856967,0.246609124537608,24.4,1.8,250000,811000,446527,2,9.3711467324291,0.369913686806412
345,新潟県,15,0.759,2020/9/30,0,0,1.21457489878543,0,24.4,2.1,720000,2223000,1258424,2,1.43949617633828,0
346,富山県,16,0.572,2020/9/30,0,0,2.96934865900383,0.0957854406130268,24.5,1.7,337000,1044000,424759,2,14.367816091954,0.28735632183908
347,石川県,17,0.4911,2020/9/30,0,0,13.1810193321617,1.23022847100176,24.8,1.9,337000,1138000,418605,3,26.8014059753954,0.527240773286468
348,長野県,20,0.6018,2020/9/30,0,0,2.58662762323084,0.0488042947779405,22.7,2,653000,2049000,1356156,2,7.36944851146901,0
349,福井県,18,0.6142,2020/9/30,0,0,2.08333333333333,0.390625,24.6,1.4,235000,768000,419052,2,11.5885416666667,0
350,岐阜県,21,0.708,2020/9/30,0,1,3.57322596879718,0,25.4,1.8,599000,1987000,1062129,2,11.2732762959235,0.150981378963261
351,静岡県,22,0.5838,2020/9/30,0,0,1.67398463227223,0.0274423710208562,25.7,2.6,1089000,3644000,777735,5,5.68057080131723,0
352,愛知県,23,0.6408,2020/9/30,0,1,10.9904661016949,0.278072033898305,25.4,3,1892000,7552000,517306,15,36.5995762711864,0.397245762711864
353,三重県,24,0.7021,2020/9/30,0,0,7.24312184166199,0.280741156653565,25,2.3,530000,1781000,577445,3,15.6653565412689,0.0561482313307131
354,滋賀県,25,0.7005,2020/9/30,0,0,3.67751060820368,0.212164073550212,24.4,2.7,368000,1414000,401738,4,19.7312588401697,0.282885431400283
355,京都府,26,0.5191,2020/9/30,0,1,12.0015485869144,0.0774293457220287,25.5,2.6,753000,2583000,461220,6,25.7452574525745,0.116144018583043
356,大阪府,27,0.7884,2020/9/30,0,1,23.283006016574,0.613009422181859,25.8,3.9,2434000,8809000,190529,46,50.9251901464411,0.703825632875468
357,兵庫県,28,0.781,2020/9/30,0,1,8.08635199414563,0.109769484083425,25.9,2.7,1591000,5466000,840094,7,19.3011342846689,0.146359312111233
358,奈良県,29,0.6548,2020/9/30,0,0,3.7593984962406,0.225563909774436,24.5,2.7,417000,1330000,369094,4,20.9022556390977,0.300751879699248
359,和歌山県,30,0.7809,2020/9/30,0,0,1.2972972972973,0,25.3,2.3,306000,925000,472465,2,8.64864864864865,0.108108108108108
360,鳥取県,31,0.6522,2020/9/30,0,0,2.33812949640288,0,23.9,2.3,178000,556000,350714,2,1.2589928057554,0
361,島根県,32,0.7332,2020/9/30,0,0,0.445103857566766,0,23.6,1.1,231000,674000,670807,1,16.0237388724036,0
362,岡山県,33,0.7335,2020/9/30,0,0,0.634920634920635,0,25,2.3,573000,1890000,711433,3,3.49206349206349,0.0529100529100529
363,広島県,34,0.7705,2020/9/30,0,0,4.24393723252496,0,25,2.5,823000,2804000,847964,3,4.60057061340942,0
364,山口県,35,0.7318,2020/9/30,0,0,2.4300441826215,0.147275405007364,23.6,2.1,466000,1358000,611253,2,8.46833578792342,0
365,徳島県,36,0.5626,2020/9/30,0,0,2.47252747252747,0.686813186813187,25.1,2.2,245000,728000,414675,2,14.4230769230769,0.412087912087912
366,香川県,37,0.6296,2020/9/30,0,0,1.67364016736402,0.104602510460251,8,2.2,305000,956000,187679,5,3.34728033472803,0.104602510460251
367,愛媛県,38,0.6382,2020/9/30,0,0,0,0,25.5,2.2,442000,1339000,567616,2,1.86706497386109,0.0746825989544436
368,高知県,39,0.8779,2020/9/30,0,0,1.86246418338109,0.143266475644699,25.1,2.7,246000,698000,710364,1,6.44699140401146,0
369,福岡県,40,0.686,2020/9/30,0,1,8.69905956112853,0.705329153605016,24.5,3.1,1425000,5104000,498651,10,52.3119122257053,0.54858934169279
370,佐賀県,41,0.7282,2020/9/30,0,0,0.98159509202454,0,24.5,1.8,246000,815000,244070,3,19.0184049079755,0
371,長崎県,42,0.84,2020/9/30,0,0,0.376789751318764,0,24.3,2.6,433000,1327000,413100,3,11.8311981914092,0.0753579502637528
372,熊本県,43,0.6404,2020/9/30,0,0,3.14645308924485,0.05720823798627,24.7,2.7,543000,1748000,740945,2,18.8215102974828,0.22883295194508
373,大分県,44,0.658,2020/9/30,0,0,1.14537444933921,0.0881057268722467,24.5,1.8,373000,1135000,634076,2,6.96035242290749,0
374,宮崎県,45,0.7656,2020/9/30,0,0,0.65237651444548,0,24.8,2.3,346000,1073000,773533,1,20.2236719478099,0.0931966449207828
375,鹿児島県,46,0.7377,2020/9/30,0,0,3.43320848938826,0.0624219725343321,25.6,2.9,512000,1602000,918708,2,6.86641697877653,0.624219725343321
376,沖縄県,47,0.7099,2020/9/30,0,0,24.6386785960083,1.2388162422574,27.7,3.5,322000,1453000,228100,6,119.13282863042,1.44528561596696
377,北海道,1,0.843,2020/10/31,0,0,19.6,0.0571428571428571,13.1,3.3,1673000,5250000,7842133,1,6.20952380952381,0.0761904761904762
378,青森県,2,0.735,2020/10/31,0,0,15.3290529695024,0.240770465489567,13.7,2.9,415000,1246000,964564,1,0.0802568218298555,0
379,岩手県,3,0.812,2020/10/31,0,0,0.32599837000815,0,12.7,2.4,406000,1227000,1527501,1,0.32599837000815,0
380,宮城県,4,0.595,2020/10/31,0,0,13.8768430182134,0,15.6,2.4,652000,2306000,728229,3,8.62966175195143,0
381,秋田県,5,0.792,2020/10/31,0,0,1.0351966873706,0,14.5,2.9,359000,966000,1163752,1,0.41407867494824,0
382,山形県,6,0.677,2020/10/31,0,0,0.742115027829314,0,14,1.9,360000,1078000,932315,1,0,0
383,福島県,7,0.707,2020/10/31,0,0,7.31310942578548,0.162513542795233,15.1,2.5,582000,1846000,1378390,1,4.98374864572048,0.162513542795233
384,茨城県,8,0.538,2020/10/31,0,0,3.88111888111888,0.034965034965035,16.3,2.5,843000,2860000,609739,5,3.91608391608392,0.13986013986014
385,栃木県,9,0.617,2020/10/31,0,1,3.0506721820062,0,16.1,2.2,554000,1934000,640809,3,6.56670113753878,0
386,群馬県,10,0.718,2020/10/31,0,0,10.2471678681771,0,16.6,2.5,580000,1942000,636228,3,13.4397528321318,0
387,埼玉県,11,0.898,2020/10/31,0,1,16.3673469387755,0.0680272108843537,17.4,3,1961000,7350000,379775,19,9.87755102040816,0.17687074829932
388,千葉県,12,0.684,2020/10/31,0,1,18.1818181818182,0.143792938169037,18,2.8,1743000,6259000,515760,12,13.5005591947595,0.143792938169037
389,東京都,13,0.702,2020/10/31,0,1,38.431147187702,0.337619423891962,17.5,3,3209000,13921000,219407,63,35.3279218446951,0.323252639896559
390,神奈川県,14,0.874,2020/10/31,0,1,19.7325505544684,0.358773646444879,17.9,2.8,2329000,9198000,241630,38,21.0480539247663,0.163078930202218
391,山梨県,19,0.8,2020/10/31,0,0,3.2059186189889,0,16.5,2,250000,811000,446527,2,2.09617755856967,0.246609124537608
392,新潟県,15,0.847,2020/10/31,0,0,0.629779577147998,0,16.4,2.4,720000,2223000,1258424,2,1.21457489878543,0
393,富山県,16,0.706,2020/10/31,0,0,0.383141762452107,0,16.7,2.1,337000,1044000,424759,2,2.96934865900383,0.0957854406130268
394,石川県,17,0.558,2020/10/31,0,0,2.98769771528998,0.175746924428823,17.5,1.9,337000,1138000,418605,3,13.1810193321617,1.23022847100176
395,長野県,20,0.719,2020/10/31,0,0,1.56173743289409,0.146412884333821,13.5,2.3,653000,2049000,1356156,2,2.58662762323084,0.0488042947779405
396,福井県,18,0.706,2020/10/31,0,0,1.69270833333333,0,16.7,1.7,235000,768000,419052,2,2.08333333333333,0.390625
397,岐阜県,21,0.788,2020/10/31,0,1,3.01962757926522,0.0503271263210871,18,1.6,599000,1987000,1062129,2,3.57322596879718,0
398,静岡県,22,0.672,2020/10/31,0,0,3.15587266739846,0,19,2.4,1089000,3644000,777735,5,1.67398463227223,0.0274423710208562
399,愛知県,23,0.752,2020/10/31,0,1,11.4406779661017,0.132415254237288,18,2.9,1892000,7552000,517306,15,10.9904661016949,0.278072033898305
400,三重県,24,0.786,2020/10/31,0,0,3.14430095451993,0,18.2,1.8,530000,1781000,577445,3,7.24312184166199,0.280741156653565
401,滋賀県,25,0.782,2020/10/31,0,0,3.53606789250354,0.0707213578500707,16.9,2.9,368000,1414000,401738,4,3.67751060820368,0.212164073550212
402,京都府,26,0.582,2020/10/31,0,1,10.9949670925281,0.193573364305072,17.9,2.6,753000,2583000,461220,6,12.0015485869144,0.0774293457220287
403,大阪府,27,0.831,2020/10/31,0,1,24.5203768872744,0.40867294812124,18.7,3.3,2434000,8809000,190529,46,23.283006016574,0.613009422181859
404,兵庫県,28,0.853,2020/10/31,0,1,9.7511891694109,0.0731796560556165,19.1,2.7,1591000,5466000,840094,7,8.08635199414563,0.109769484083425
405,奈良県,29,0.714,2020/10/31,0,0,5.93984962406015,0.075187969924812,17,2.9,417000,1330000,369094,4,3.7593984962406,0.225563909774436
406,和歌山県,30,0.835,2020/10/31,0,0,3.56756756756757,0,18.5,2.4,306000,925000,472465,2,1.2972972972973,0
407,鳥取県,31,0.737,2020/10/31,0,0,0.539568345323741,0,16.8,2.6,178000,556000,350714,2,2.33812949640288,0
408,島根県,32,0.801,2020/10/31,0,0,0.148367952522255,0,17,2.3,231000,674000,670807,1,0.445103857566766,0
409,岡山県,33,0.819,2020/10/31,0,0,6.82539682539683,0.158730158730159,17.7,2.4,573000,1890000,711433,3,0.634920634920635,0
410,広島県,34,0.821,2020/10/31,0,0,3.03138373751783,0.0713266761768902,18.7,2.5,823000,2804000,847964,3,4.24393723252496,0
411,山口県,35,0.773,2020/10/31,0,0,0.883652430044183,0,17.8,2.2,466000,1358000,611253,2,2.4300441826215,0.147275405007364
412,徳島県,36,0.652,2020/10/31,0,0,2.1978021978022,0,18.7,2.2,245000,728000,414675,2,2.47252747252747,0.686813186813187
413,香川県,37,0.698,2020/10/31,0,0,0.836820083682008,0,8,2.4,305000,956000,187679,5,1.67364016736402,0.104602510460251
414,愛媛県,38,0.712,2020/10/31,0,0,0.149365197908887,0,18.6,2,442000,1339000,567616,2,0,0
415,高知県,39,0.79,2020/10/31,0,0,0.859598853868195,0,19.6,2.5,246000,698000,710364,1,1.86246418338109,0.143266475644699
416,福岡県,40,0.738,2020/10/31,0,1,3.66379310344828,0.0783699059561128,19.4,3.1,1425000,5104000,498651,10,8.69905956112853,0.705329153605016
417,佐賀県,41,0.839,2020/10/31,0,0,1.10429447852761,0,19.1,2,246000,815000,244070,3,0.98159509202454,0
418,長崎県,42,0.875,2020/10/31,0,0,0.678221552373775,0,19.6,2.5,433000,1327000,413100,3,0.376789751318764,0
419,熊本県,43,0.697,2020/10/31,0,0,12.7002288329519,0,19.3,2.3,543000,1748000,740945,2,3.14645308924485,0.05720823798627
420,大分県,44,0.683,2020/10/31,0,0,0.0881057268722467,0.0881057268722467,19.1,2,373000,1135000,634076,2,1.14537444933921,0.0881057268722467
421,宮崎県,45,0.897,2020/10/31,0,0,0.186393289841566,0,19.9,2,346000,1073000,773533,1,0.65237651444548,0
422,鹿児島県,46,0.773,2020/10/31,0,0,3.3083645443196,0.0624219725343321,21.4,3.2,512000,1602000,918708,2,3.43320848938826,0.0624219725343321
423,沖縄県,47,0.781,2020/10/31,0,0,58.4308327598073,1.16999311768754,25.8,3.6,322000,1453000,228100,6,24.6386785960083,1.2388162422574
424,北海道,1,0.624,2020/11/30,0,0,109.180952380952,1.6,6.3,3.3,1673000,5250000,7842133,1,19.6,0.0571428571428571
425,青森県,2,0.656,2020/11/30,0,0,5.45746388443018,0.160513643659711,8,2.9,415000,1246000,964564,1,15.3290529695024,0.240770465489567
426,岩手県,3,0.665,2020/11/30,0,0,13.6104319478403,0.244498777506112,6.8,2.4,406000,1227000,1527501,1,0.32599837000815,0
427,宮城県,4,0.642,2020/11/30,0,0,20.9887250650477,0.346921075455334,10.8,2.4,652000,2306000,728229,3,13.8768430182134,0
428,秋田県,5,0.727,2020/11/30,0,0,2.79503105590062,0.10351966873706,8.9,2.9,359000,966000,1163752,1,1.0351966873706,0
429,山形県,6,0.634,2020/11/30,0,0,4.54545454545454,0,8.6,1.9,360000,1078000,932315,1,0.742115027829314,0
430,福島県,7,0.672,2020/11/30,0,0,6.12134344528711,0,10.5,2.5,582000,1846000,1378390,1,7.31310942578548,0.162513542795233
431,茨城県,8,0.514,2020/11/30,0,0,27.7272727272727,0.104895104895105,11.9,2.5,843000,2860000,609739,5,3.88111888111888,0.034965034965035
432,栃木県,9,0.607,2020/11/30,0,1,7.70423991726991,0.0517063081695967,11.5,2.2,554000,1934000,640809,3,3.0506721820062,0
433,群馬県,10,0.684,2020/11/30,0,0,15.8084449021627,0.154479917610711,12.3,2.5,580000,1942000,636228,3,10.2471678681771,0
434,埼玉県,11,0.808,2020/11/30,0,1,34.9659863945578,0.462585034013605,12.8,3,1961000,7350000,379775,19,16.3673469387755,0.0680272108843537
435,千葉県,12,0.65,2020/11/30,0,1,31.5226074452788,0.111838951909251,14.7,2.8,1743000,6259000,515760,12,18.1818181818182,0.143792938169037
436,東京都,13,0.655,2020/11/30,0,1,70.8354284893327,0.244235327921845,14,3,3209000,13921000,219407,63,38.431147187702,0.337619423891962
437,神奈川県,14,0.804,2020/11/30,0,1,41.7916938464884,0.282670145683844,14.7,2.8,2329000,9198000,241630,38,19.7325505544684,0.358773646444879
438,山梨県,19,0.645,2020/11/30,0,0,15.7829839704069,0.369913686806412,12,2,250000,811000,446527,2,3.2059186189889,0
439,新潟県,15,0.775,2020/11/30,0,0,6.65766981556455,0,11.4,2.4,720000,2223000,1258424,2,0.629779577147998,0
440,富山県,16,0.64,2020/11/30,0,0,3.44827586206897,0,12.5,2.1,337000,1044000,424759,2,0.383141762452107,0
441,石川県,17,0.607,2020/11/30,0,0,3.77855887521968,0.0878734622144113,13,1.9,337000,1138000,418605,3,2.98769771528998,0.175746924428823
442,長野県,20,0.628,2020/11/30,0,0,18.3992191312836,0.0976085895558809,8.9,2.3,653000,2049000,1356156,2,1.56173743289409,0.146412884333821
443,福井県,18,0.636,2020/11/30,0,0,7.68229166666667,0,12.5,1.7,235000,768000,419052,2,1.69270833333333,0
444,岐阜県,21,0.725,2020/11/30,0,1,19.4262707599396,0.150981378963261,13.9,1.6,599000,1987000,1062129,2,3.01962757926522,0.0503271263210871
445,静岡県,22,0.602,2020/11/30,0,0,27.7716794731065,0.246981339187706,15.6,2.4,1089000,3644000,777735,5,3.15587266739846,0
446,愛知県,23,0.693,2020/11/30,0,1,50.7415254237288,0.304555084745763,14,2.9,1892000,7552000,517306,15,11.4406779661017,0.132415254237288
447,三重県,24,0.748,2020/11/30,0,0,16.4514317798989,0,14.2,1.8,530000,1781000,577445,3,3.14430095451993,0
448,滋賀県,25,0.697,2020/11/30,0,0,16.2659123055163,0,12.6,2.9,368000,1414000,401738,4,3.53606789250354,0.0707213578500707
449,京都府,26,0.672,2020/11/30,0,1,24.196670538134,0.348432055749129,13.6,2.6,753000,2583000,461220,6,10.9949670925281,0.193573364305072
450,大阪府,27,0.795,2020/11/30,0,1,85.3331819729822,0.885458054262686,14.7,3.3,2434000,8809000,190529,46,24.5203768872744,0.40867294812124
451,兵庫県,28,0.793,2020/11/30,0,1,43.3955360409806,0.329308452250274,15.1,2.7,1591000,5466000,840094,7,9.7511891694109,0.0731796560556165
452,奈良県,29,0.667,2020/11/30,0,0,35.7894736842105,0.150375939849624,12.9,2.9,417000,1330000,369094,4,5.93984962406015,0.075187969924812
453,和歌山県,30,0.826,2020/11/30,0,0,19.1351351351351,0.216216216216216,14.7,2.4,306000,925000,472465,2,3.56756756756757,0
454,鳥取県,31,0.718,2020/11/30,0,0,3.59712230215827,0,13,2.6,178000,556000,350714,2,0.539568345323741,0
455,島根県,32,0.771,2020/11/30,0,0,0.890207715133531,0,13,2.3,231000,674000,670807,1,0.148367952522255,0
456,岡山県,33,0.735,2020/11/30,0,0,16.5608465608466,0.37037037037037,13,2.4,573000,1890000,711433,3,6.82539682539683,0.158730158730159
457,広島県,34,0.784,2020/11/30,0,0,6.95435092724679,0.0356633380884451,14.2,2.5,823000,2804000,847964,3,3.03138373751783,0.0713266761768902
458,山口県,35,0.677,2020/11/30,0,0,12.739322533137,0,13,2.2,466000,1358000,611253,2,0.883652430044183,0
459,徳島県,36,0.636,2020/11/30,0,0,2.33516483516483,0,14.9,2.2,245000,728000,414675,2,2.1978021978022,0
460,香川県,37,0.724,2020/11/30,0,0,4.81171548117155,0,8,2.4,305000,956000,187679,5,0.836820083682008,0
461,愛媛県,38,0.626,2020/11/30,0,0,14.7871545929798,0,14.2,2,442000,1339000,567616,2,0.149365197908887,0
462,高知県,39,0.743,2020/11/30,0,0,1.14613180515759,0,15.5,2.5,246000,698000,710364,1,0.859598853868195,0
463,福岡県,40,0.726,2020/11/30,0,1,11.7554858934169,0.117554858934169,15.3,3.1,1425000,5104000,498651,10,3.66379310344828,0.0783699059561128
464,佐賀県,41,0.779,2020/11/30,0,0,6.74846625766871,0.122699386503067,14.7,2,246000,815000,244070,3,1.10429447852761,0
465,長崎県,42,0.89,2020/11/30,0,0,1.95930670685757,0,15.3,2.5,433000,1327000,413100,3,0.678221552373775,0
466,熊本県,43,0.668,2020/11/30,0,0,12.929061784897,0.28604118993135,14.5,2.3,543000,1748000,740945,2,12.7002288329519,0
467,大分県,44,0.676,2020/11/30,0,0,11.9823788546256,0,14.8,2,373000,1135000,634076,2,0.0881057268722467,0.0881057268722467
468,宮崎県,45,0.833,2020/11/30,0,0,12.5815470643057,0,16,2,346000,1073000,773533,1,0.186393289841566,0
469,鹿児島県,46,0.742,2020/11/30,0,0,9.9250936329588,0,17.2,3.2,512000,1602000,918708,2,3.3083645443196,0.0624219725343321
470,沖縄県,47,0.742,2020/11/30,0,0,67.9972470750172,0.412938747419133,23.4,3.6,322000,1453000,228100,6,58.4308327598073,1.16999311768754
471,北海道,1,0.606,2020/12/31,0,0,87.0476190476191,4.93333333333333,-1.6,3.3,1673000,5250000,7842133,1,109.180952380952,1.6
472,青森県,2,0.722,2020/12/31,0,0,15.008025682183,0.160513643659711,0.6,2.9,415000,1246000,964564,1,5.45746388443018,0.160513643659711
473,岩手県,3,0.635,2020/12/31,0,0,15.5664221678892,1.71149144254279,0.2,2.4,406000,1227000,1527501,1,13.6104319478403,0.244498777506112
474,宮城県,4,0.658,2020/12/31,0,0,42.5411968777103,0.2601908065915,3.9,2.4,652000,2306000,728229,3,20.9887250650477,0.346921075455334
475,秋田県,5,0.685,2020/12/31,0,0,5.175983436853,0,2.3,2.9,359000,966000,1163752,1,2.79503105590062,0.10351966873706
476,山形県,6,0.558,2020/12/31,0,0,23.3766233766234,0.556586270871985,1.9,1.9,360000,1078000,932315,1,4.54545454545454,0
477,福島県,7,0.646,2020/12/31,0,0,23.9978331527627,0.75839653304442,3.7,2.5,582000,1846000,1378390,1,6.12134344528711,0
478,茨城県,8,0.477,2020/12/31,0,0,30.9440559440559,0.524475524475524,5.2,2.5,843000,2860000,609739,5,27.7272727272727,0.104895104895105
479,栃木県,9,0.603,2020/12/31,0,1,43.4332988624612,0.206825232678387,5,2.2,554000,1934000,640809,3,7.70423991726991,0.0517063081695967
480,群馬県,10,0.652,2020/12/31,0,0,57.0545829042224,1.13285272914521,6.3,2.5,580000,1942000,636228,3,15.8084449021627,0.154479917610711
481,埼玉県,11,0.785,2020/12/31,0,1,79.8503401360544,0.91156462585034,6.3,3,1961000,7350000,379775,19,34.9659863945578,0.462585034013605
482,千葉県,12,0.674,2020/12/31,0,1,65.0423390317942,0.495286787026682,8.5,2.8,1743000,6259000,515760,12,31.5226074452788,0.111838951909251
483,東京都,13,0.657,2020/12/31,0,1,139.135119603477,0.991308095682781,7.7,3,3209000,13921000,219407,63,70.8354284893327,0.244235327921845
484,神奈川県,14,0.751,2020/12/31,0,1,94.6618830180474,0.858882365731681,8.8,2.8,2329000,9198000,241630,38,41.7916938464884,0.282670145683844
485,山梨県,19,0.564,2020/12/31,0,0,27.6202219482121,0.246609124537608,5.7,2,250000,811000,446527,2,15.7829839704069,0.369913686806412
486,新潟県,15,0.795,2020/12/31,0,0,9.4017094017094,0.134952766531714,5.2,2.4,720000,2223000,1258424,2,6.65766981556455,0
487,富山県,16,0.662,2020/12/31,0,0,9.57854406130268,0,5.6,2.1,337000,1044000,424759,2,3.44827586206897,0
488,石川県,17,0.615,2020/12/31,0,0,19.1564147627417,0.0878734622144113,7,1.9,337000,1138000,418605,3,3.77855887521968,0.0878734622144113
489,長野県,20,0.569,2020/12/31,0,0,22.6939970717423,0.439238653001464,2,2.3,653000,2049000,1356156,2,18.3992191312836,0.0976085895558809
490,福井県,18,0.644,2020/12/31,0,0,5.078125,0.130208333333333,5.9,1.7,235000,768000,419052,2,7.68229166666667,0
491,岐阜県,21,0.646,2020/12/31,0,1,61.3990941117262,1.00654252642174,7.2,1.6,599000,1987000,1062129,2,19.4262707599396,0.150981378963261
492,静岡県,22,0.598,2020/12/31,0,0,27.7991218441273,0.823271130625686,9.4,2.4,1089000,3644000,777735,5,27.7716794731065,0.246981339187706
493,愛知県,23,0.627,2020/12/31,0,1,85.3945974576271,1.25794491525424,7.4,2.9,1892000,7552000,517306,15,50.7415254237288,0.304555084745763
494,三重県,24,0.7,2020/12/31,0,0,24.3121841661988,0.617630544637844,8.4,1.8,530000,1781000,577445,3,16.4514317798989,0
495,滋賀県,25,0.645,2020/12/31,0,0,27.7934936350778,0.141442715700141,6.6,2.9,368000,1414000,401738,4,16.2659123055163,0
496,京都府,26,0.593,2020/12/31,0,1,82.5396825396825,0.5420054200542,7.2,2.6,753000,2583000,461220,6,24.196670538134,0.348432055749129
497,大阪府,27,0.703,2020/12/31,0,1,110.863889204223,2.94017482120559,8.7,3.3,2434000,8809000,190529,46,85.3331819729822,0.885458054262686
498,兵庫県,28,0.723,2020/12/31,0,1,80.0951335528723,2.37833882180754,8.8,2.7,1591000,5466000,840094,7,43.3955360409806,0.329308452250274
499,奈良県,29,0.611,2020/12/31,0,0,63.609022556391,0.902255639097744,6.7,2.9,417000,1330000,369094,4,35.7894736842105,0.150375939849624
500,和歌山県,30,0.773,2020/12/31,0,0,17.7297297297297,0.108108108108108,8.5,2.4,306000,925000,472465,2,19.1351351351351,0.216216216216216
501,鳥取県,31,0.718,2020/12/31,0,0,10.9712230215827,0,6.1,2.6,178000,556000,350714,2,3.59712230215827,0
502,島根県,32,0.763,2020/12/31,0,0,8.90207715133531,0,6.7,2.3,231000,674000,670807,1,0.890207715133531,0
503,岡山県,33,0.671,2020/12/31,0,0,40.4232804232804,0.211640211640212,6.5,2.4,573000,1890000,711433,3,16.5608465608466,0.37037037037037
504,広島県,34,0.648,2020/12/31,0,0,87.8031383737518,1.03423680456491,7.2,2.5,823000,2804000,847964,3,6.95435092724679,0.0356633380884451
505,山口県,35,0.649,2020/12/31,0,0,14.8011782032401,0.0736377025036819,5.6,2.2,466000,1358000,611253,2,12.739322533137,0
506,徳島県,36,0.648,2020/12/31,0,0,2.33516483516483,0,8.6,2.2,245000,728000,414675,2,2.33516483516483,0
507,香川県,37,0.667,2020/12/31,0,0,16.3179916317992,0.104602510460251,8,2.4,305000,956000,187679,5,4.81171548117155,0
508,愛媛県,38,0.588,2020/12/31,0,0,11.277072442121,0.522778192681105,8,2,442000,1339000,567616,2,14.7871545929798,0
509,高知県,39,0.507,2020/12/31,0,0,73.2091690544413,0.429799426934097,8.7,2.5,246000,698000,710364,1,1.14613180515759,0
510,福岡県,40,0.717,2020/12/31,0,1,61.4615987460815,0.21551724137931,8.5,3.1,1425000,5104000,498651,10,11.7554858934169,0.117554858934169
511,佐賀県,41,0.761,2020/12/31,0,0,19.5092024539877,0.245398773006135,7.3,2,246000,815000,244070,3,6.74846625766871,0.122699386503067
512,長崎県,42,0.802,2020/12/31,0,0,28.9374529012811,0.0753579502637528,8.5,2.5,433000,1327000,413100,3,1.95930670685757,0
513,熊本県,43,0.61,2020/12/31,0,0,48.7414187643021,0.22883295194508,6.9,2.3,543000,1748000,740945,2,12.929061784897,0.28604118993135
514,大分県,44,0.571,2020/12/31,0,0,34.7136563876652,0.26431718061674,7.9,2,373000,1135000,634076,2,11.9823788546256,0
515,宮崎県,45,0.718,2020/12/31,0,0,23.7651444547996,0.65237651444548,9,2,346000,1073000,773533,1,12.5815470643057,0
516,鹿児島県,46,0.722,2020/12/31,0,0,24.1573033707865,0.0624219725343321,10.3,3.2,512000,1602000,918708,2,9.9250936329588,0
517,沖縄県,47,0.717,2020/12/31,0,0,71.7136958017894,0.825877494838266,19.2,3.6,322000,1453000,228100,6,67.9972470750172,0.412938747419133
518,北海道,1,0.607,2021/1/31,0,0,76.3238095238095,2.83809523809524,-4.4,3,1673000,5250000,7842133,1,87.0476190476191,4.93333333333333
519,青森県,2,0.704,2021/1/31,0,0,18.8603531300161,0.401284109149278,-1.9,3.6,415000,1246000,964564,1,15.008025682183,0.160513643659711
520,岩手県,3,0.664,2021/1/31,0,0,9.04645476772616,0.244498777506112,-2.8,3,406000,1227000,1527501,1,15.5664221678892,1.71149144254279
521,宮城県,4,0.592,2021/1/31,0,0,52.8187337380746,0.2601908065915,1.2,3,652000,2306000,728229,3,42.5411968777103,0.2601908065915
522,秋田県,5,0.607,2021/1/31,0,0,12.5258799171843,0,-0.4,3.4,359000,966000,1163752,1,5.175983436853,0
523,山形県,6,0.515,2021/1/31,0,0,10.760667903525,0.556586270871985,-1,2.8,360000,1078000,932315,1,23.3766233766234,0.556586270871985
524,福島県,7,0.571,2021/1/31,0,0,42.4160346695558,1.30010834236186,1.2,2.8,582000,1846000,1378390,1,23.9978331527627,0.75839653304442
525,茨城県,8,0.436,2021/1/31,0,0,82.9370629370629,0.909090909090909,3.4,2.7,843000,2860000,609739,5,30.9440559440559,0.524475524475524
526,栃木県,9,0.481,2021/1/31,1,1,118.562564632885,2.06825232678387,2.8,2.5,554000,1934000,640809,3,43.4332988624612,0.206825232678387
527,群馬県,10,0.537,2021/1/31,0,0,79.9176107106076,1.28733264675592,4,2.7,580000,1942000,636228,3,57.0545829042224,1.13285272914521
528,埼玉県,11,0.508,2021/1/31,1,1,148.176870748299,1.95918367346939,4,3.1,1961000,7350000,379775,19,79.8503401360544,0.91156462585034
529,千葉県,12,0.52,2021/1/31,1,1,180.57197635405,2.10896309314587,6,2.7,1743000,6259000,515760,12,65.0423390317942,0.495286787026682
530,東京都,13,0.597,2021/1/31,1,1,289.971984771209,1.86049852740464,5.4,2.7,3209000,13921000,219407,63,139.135119603477,0.991308095682781
531,神奈川県,14,0.61,2021/1/31,1,1,212.013481191563,2.14176994998913,6.2,2.5,2329000,9198000,241630,38,94.6618830180474,0.858882365731681
532,山梨県,19,0.44,2021/1/31,0,0,41.0604192355117,0.369913686806412,3.3,2,250000,811000,446527,2,27.6202219482121,0.246609124537608
533,新潟県,15,0.724,2021/1/31,0,0,16.6441745389114,0.269905533063428,1.9,2.7,720000,2223000,1258424,2,9.4017094017094,0.134952766531714
534,富山県,16,0.508,2021/1/31,0,0,29.9808429118774,0.0957854406130268,2.3,2.1,337000,1044000,424759,2,9.57854406130268,0
535,石川県,17,0.49,2021/1/31,0,0,34.3585237258348,0.615114235500879,3.9,2.1,337000,1138000,418605,3,19.1564147627417,0.0878734622144113
536,長野県,20,0.438,2021/1/31,0,0,53.9287457296242,1.02489019033675,0.2,2.6,653000,2049000,1356156,2,22.6939970717423,0.439238653001464
537,福井県,18,0.576,2021/1/31,0,0,20.703125,0.911458333333333,2.5,1.9,235000,768000,419052,2,5.078125,0.130208333333333
538,岐阜県,21,0.515,2021/1/31,1,1,91.9979869149472,1.76144942123805,4.6,1.7,599000,1987000,1062129,2,61.3990941117262,1.00654252642174
539,静岡県,22,0.466,2021/1/31,0,0,52.3874862788145,0.960482985729967,7.2,2.5,1089000,3644000,777735,5,27.7991218441273,0.823271130625686
540,愛知県,23,0.471,2021/1/31,1,1,98.9804025423729,2.46292372881356,5,2.7,1892000,7552000,517306,15,85.3945974576271,1.25794491525424
541,三重県,24,0.53,2021/1/31,0,0,50.3649635036496,0.673778775968557,5.7,1.8,530000,1781000,577445,3,24.3121841661988,0.617630544637844
542,滋賀県,25,0.591,2021/1/31,0,0,67.043847241867,1.34370579915134,4.2,2.8,368000,1414000,401738,4,27.7934936350778,0.141442715700141
543,京都府,26,0.437,2021/1/31,1,1,141.076267905536,2.55516840882695,5.1,2.9,753000,2583000,461220,6,82.5396825396825,0.5420054200542
544,大阪府,27,0.659,2021/1/31,1,1,155.761153365876,3.93915313883528,6.2,3.9,2434000,8809000,190529,46,110.863889204223,2.94017482120559
545,兵庫県,28,0.624,2021/1/31,1,1,118.294914013904,3.49432857665569,6.1,2.8,1591000,5466000,840094,7,80.0951335528723,2.37833882180754
546,奈良県,29,0.551,2021/1/31,0,0,75.6390977443609,1.05263157894737,4.7,2.3,417000,1330000,369094,4,63.609022556391,0.902255639097744
547,和歌山県,30,0.65,2021/1/31,0,0,48.3243243243243,0.756756756756757,6.3,2.6,306000,925000,472465,2,17.7297297297297,0.108108108108108
548,鳥取県,31,0.557,2021/1/31,0,0,14.3884892086331,0.359712230215827,4.3,2.7,178000,556000,350714,2,10.9712230215827,0
549,島根県,32,0.557,2021/1/31,0,0,9.05044510385757,0,4.5,2.3,231000,674000,670807,1,8.90207715133531,0
550,岡山県,33,0.622,2021/1/31,0,0,51.5873015873016,0.317460317460317,4.4,2.5,573000,1890000,711433,3,40.4232804232804,0.211640211640212
551,広島県,34,0.552,2021/1/31,0,0,53.3880171184023,2.03281027104137,5.2,2.5,823000,2804000,847964,3,87.8031383737518,1.03423680456491
552,山口県,35,0.594,2021/1/31,0,0,47.7172312223859,1.32547864506627,4.2,1.8,466000,1358000,611253,2,14.8011782032401,0.0736377025036819
553,徳島県,36,0.542,2021/1/31,0,0,25.6868131868132,0.686813186813187,5.9,2.2,245000,728000,414675,2,2.33516483516483,0
554,香川県,37,0.544,2021/1/31,0,0,35.4602510460251,1.25523012552301,8,2.3,305000,956000,187679,5,16.3179916317992,0.104602510460251
555,愛媛県,38,0.523,2021/1/31,0,0,39.4324122479462,0.373412994772218,5.6,2.4,442000,1339000,567616,2,11.277072442121,0.522778192681105
556,高知県,39,0.519,2021/1/31,0,0,26.3610315186246,1.00286532951289,6.9,2,246000,698000,710364,1,73.2091690544413,0.429799426934097
557,福岡県,40,0.563,2021/1/31,1,1,141.281347962382,1.33228840125392,7,3.1,1425000,5104000,498651,10,61.4615987460815,0.21551724137931
558,佐賀県,41,0.647,2021/1/31,0,0,59.2638036809816,0.122699386503067,6.2,1.4,246000,815000,244070,3,19.5092024539877,0.245398773006135
559,長崎県,42,0.654,2021/1/31,0,0,65.6367746797287,1.73323285606631,7.4,2.5,433000,1327000,413100,3,28.9374529012811,0.0753579502637528
560,熊本県,43,0.539,2021/1/31,0,0,83.7528604118993,2.63157894736842,6.3,2.9,543000,1748000,740945,2,48.7414187643021,0.22883295194508
561,大分県,44,0.533,2021/1/31,0,0,41.3215859030837,0.969162995594714,6.7,2.2,373000,1135000,634076,2,34.7136563876652,0.26431718061674
562,宮崎県,45,0.499,2021/1/31,0,0,99.0680335507922,1.11835973904939,8.1,2.5,346000,1073000,773533,1,23.7651444547996,0.65237651444548
563,鹿児島県,46,0.607,2021/1/31,0,0,37.8277153558052,0.31210986267166,9.2,2.8,512000,1602000,918708,2,24.1573033707865,0.0624219725343321
564,沖縄県,47,0.614,2021/1/31,0,0,150.103234686855,0.619408121128699,16.8,3.8,322000,1453000,228100,6,71.7136958017894,0.825877494838266
565,北海道,1,0.639,2021/2/28,0,0,31.3904761904762,1.42857142857143,-2.2,3,1673000,5250000,7842133,1,76.3238095238095,2.83809523809524
566,青森県,2,0.725,2021/2/28,0,0,7.9454253611557,0.561797752808989,-0.7,3.6,415000,1246000,964564,1,18.8603531300161,0.401284109149278
567,岩手県,3,0.692,2021/2/28,0,0,4.72697636511817,0.244498777506112,-0.2,3,406000,1227000,1527501,1,9.04645476772616,0.244498777506112
568,宮城県,4,0.724,2021/2/28,0,0,9.28013876843018,0.13009540329575,3.7,3,652000,2306000,728229,3,52.8187337380746,0.2601908065915
569,秋田県,5,0.581,2021/2/28,0,0,0.82815734989648,0.5175983436853,1.7,3.4,359000,966000,1163752,1,12.5258799171843,0
570,山形県,6,0.548,2021/2/28,0,0,3.71057513914657,0.185528756957328,1.2,2.8,360000,1078000,932315,1,10.760667903525,0.556586270871985
571,福島県,7,0.609,2021/2/28,0,0,11.9176598049837,1.4626218851571,4,2.8,582000,1846000,1378390,1,42.4160346695558,1.30010834236186
572,茨城県,8,0.416,2021/2/28,0,0,32.7622377622378,1.64335664335664,6,2.7,843000,2860000,609739,5,82.9370629370629,0.909090909090909
573,栃木県,9,0.503,2021/2/28,0,1,16.6494312306101,1.03412616339193,5.5,2.5,554000,1934000,640809,3,118.562564632885,2.06825232678387
574,群馬県,10,0.564,2021/2/28,0,0,32.6982492276004,0.772399588053553,6.3,2.7,580000,1942000,636228,3,79.9176107106076,1.28733264675592
575,埼玉県,11,0.528,2021/2/28,1,1,56.5986394557823,2.89795918367347,6.9,3.1,1961000,7350000,379775,19,148.176870748299,1.95918367346939
576,千葉県,12,0.498,2021/2/28,1,1,65.3938328806519,3.24332960536827,9.2,2.7,1743000,6259000,515760,12,180.57197635405,2.10896309314587
577,東京都,13,0.577,2021/2/28,1,1,78.9957617987214,3.51986207887364,8.5,2.7,3209000,13921000,219407,63,289.971984771209,1.86049852740464
578,神奈川県,14,0.629,2021/2/28,1,1,44.9771689497717,2.26136116547075,9.1,2.5,2329000,9198000,241630,38,212.013481191563,2.14176994998913
579,山梨県,19,0.475,2021/2/28,0,0,4.68557336621455,0.369913686806412,7,2,250000,811000,446527,2,41.0604192355117,0.369913686806412
580,新潟県,15,0.729,2021/2/28,0,0,7.64732343679712,0.269905533063428,4.4,2.7,720000,2223000,1258424,2,16.6441745389114,0.269905533063428
581,富山県,16,0.546,2021/2/28,0,0,3.16091954022989,0.0957854406130268,5.1,2.1,337000,1044000,424759,2,29.9808429118774,0.0957854406130268
582,石川県,17,0.43,2021/2/28,0,0,34.182776801406,0.351493848857645,6.6,2.1,337000,1138000,418605,3,34.3585237258348,0.615114235500879
583,長野県,20,0.478,2021/2/28,0,0,3.70912640312347,0.244021473889702,2.1,2.6,653000,2049000,1356156,2,53.9287457296242,1.02489019033675
584,福井県,18,0.649,2021/2/28,0,0,4.03645833333333,0.78125,5.4,1.9,235000,768000,419052,2,20.703125,0.911458333333333
585,岐阜県,21,0.527,2021/2/28,1,1,24.9622546552592,2.06341217916457,7.3,1.7,599000,1987000,1062129,2,91.9979869149472,1.76144942123805
586,静岡県,22,0.506,2021/2/28,0,0,15.1207464324918,0.466520307354555,10,2.5,1089000,3644000,777735,5,52.3874862788145,0.960482985729967
587,愛知県,23,0.449,2021/2/28,1,1,24.364406779661,1.5625,7.5,2.7,1892000,7552000,517306,15,98.9804025423729,2.46292372881356
588,三重県,24,0.548,2021/2/28,0,0,19.0903986524424,1.2914093206064,7.9,1.8,530000,1781000,577445,3,50.3649635036496,0.673778775968557
589,滋賀県,25,0.591,2021/2/28,0,0,24.3281471004243,1.13154172560113,6.9,2.8,368000,1414000,401738,4,67.043847241867,1.34370579915134
590,京都府,26,0.444,2021/2/28,1,1,23.8482384823848,1.43244289585753,7.7,2.9,753000,2583000,461220,6,141.076267905536,2.55516840882695
591,大阪府,27,0.617,2021/2/28,1,1,38.1995686229992,2.16823703030991,8.7,3.9,2434000,8809000,190529,46,155.761153365876,3.93915313883528
592,兵庫県,28,0.563,2021/2/28,1,1,27.478960848884,2.34174899377973,8.8,2.8,1591000,5466000,840094,7,118.294914013904,3.49432857665569
593,奈良県,29,0.559,2021/2/28,0,0,23.609022556391,0.601503759398496,7.4,2.3,417000,1330000,369094,4,75.6390977443609,1.05263157894737
594,和歌山県,30,0.672,2021/2/28,0,0,10.8108108108108,0.432432432432432,8.8,2.6,306000,925000,472465,2,48.3243243243243,0.756756756756757
595,鳥取県,31,0.576,2021/2/28,0,0,1.97841726618705,0,7,2.7,178000,556000,350714,2,14.3884892086331,0.359712230215827
596,島根県,32,0.601,2021/2/28,0,0,2.37388724035608,0,7.5,2.3,231000,674000,670807,1,9.05044510385757,0
597,岡山県,33,0.646,2021/2/28,0,0,7.72486772486773,0.582010582010582,7.3,2.5,573000,1890000,711433,3,51.5873015873016,0.317460317460317
598,広島県,34,0.619,2021/2/28,0,0,7.45363766048502,0.356633380884451,8.2,2.5,823000,2804000,847964,3,53.3880171184023,2.03281027104137
599,山口県,35,0.61,2021/2/28,0,0,10.8247422680412,1.25184094256259,7.5,1.8,466000,1358000,611253,2,47.7172312223859,1.32547864506627
600,徳島県,36,0.568,2021/2/28,0,0,9.2032967032967,0.274725274725275,8.6,2.2,245000,728000,414675,2,25.6868131868132,0.686813186813187
601,香川県,37,0.534,2021/2/28,0,0,11.1924686192469,0.313807531380753,8,2.3,305000,956000,187679,5,35.4602510460251,1.25523012552301
602,愛媛県,38,0.531,2021/2/28,0,0,5.22778192681105,0.373412994772218,8.5,2.4,442000,1339000,567616,2,39.4324122479462,0.373412994772218
603,高知県,39,0.606,2021/2/28,0,0,5.30085959885387,0.429799426934097,9.6,2,246000,698000,710364,1,26.3610315186246,1.00286532951289
604,福岡県,40,0.524,2021/2/28,1,1,36.9710031347962,2.03761755485893,10.2,3.1,1425000,5104000,498651,10,141.281347962382,1.33228840125392
605,佐賀県,41,0.641,2021/2/28,0,0,13.0061349693252,0.49079754601227,9.4,1.4,246000,815000,244070,3,59.2638036809816,0.122699386503067
606,長崎県,42,0.642,2021/2/28,0,0,6.48078372268274,0.678221552373775,10.3,2.5,433000,1327000,413100,3,65.6367746797287,1.73323285606631
607,熊本県,43,0.512,2021/2/28,0,0,5.94965675057208,0.51487414187643,9.7,2.9,543000,1748000,740945,2,83.7528604118993,2.63157894736842
608,大分県,44,0.551,2021/2/28,0,0,11.8942731277533,0.352422907488987,9.3,2.2,373000,1135000,634076,2,41.3215859030837,0.969162995594714
609,宮崎県,45,0.648,2021/2/28,0,0,11.8359739049394,0.0931966449207828,11.3,2.5,346000,1073000,773533,1,99.0680335507922,1.11835973904939
610,鹿児島県,46,0.609,2021/2/28,0,0,8.67665418227216,0.436953807740325,12.1,2.8,512000,1602000,918708,2,37.8277153558052,0.31210986267166
611,沖縄県,47,0.531,2021/2/28,0,0,44.6662078458362,1.99587061252581,18.5,3.8,322000,1453000,228100,6,150.103234686855,0.619408121128699
612,北海道,1,0.675,2021/3/31,0,0,36.2095238095238,1.37142857142857,3.8,3,1673000,5250000,7842133,1,31.3904761904762,1.42857142857143
613,青森県,2,0.73,2021/3/31,0,0,17.2552166934189,0,5.4,3.6,415000,1246000,964564,1,7.9454253611557,0.561797752808989
614,岩手県,3,0.712,2021/3/31,0,0,5.46047269763651,0,5.7,3,406000,1227000,1527501,1,4.72697636511817,0.244498777506112
615,宮城県,4,1,2021/3/31,0,0,104.596704249783,0.2601908065915,8.6,3,652000,2306000,728229,3,9.28013876843018,0.13009540329575
616,秋田県,5,0.639,2021/3/31,0,0,1.44927536231884,0,6.5,3.4,359000,966000,1163752,1,0.82815734989648,0.5175983436853
617,山形県,6,0.444,2021/3/31,0,0,37.569573283859,0.185528756957328,6.5,2.8,360000,1078000,932315,1,3.71057513914657,0.185528756957328
618,福島県,7,0.754,2021/3/31,0,0,29.9024918743229,2.27518959913326,9.1,2.8,582000,1846000,1378390,1,11.9176598049837,1.4626218851571
619,茨城県,8,0.544,2021/3/31,0,0,34.4405594405594,0.629370629370629,10.7,2.7,843000,2860000,609739,5,32.7622377622378,1.64335664335664
620,栃木県,9,0.612,2021/3/31,0,1,28.1799379524302,0.206825232678387,10.6,2.5,554000,1934000,640809,3,16.6494312306101,1.03412616339193
621,群馬県,10,0.66,2021/3/31,0,0,26.0041194644696,0.772399588053553,10.8,2.7,580000,1942000,636228,3,32.6982492276004,0.772399588053553
622,埼玉県,11,0.696,2021/3/31,1,1,47.3877551020408,1.83673469387755,11.9,3.1,1961000,7350000,379775,19,56.5986394557823,2.89795918367347
623,千葉県,12,0.566,2021/3/31,1,1,51.7654577408532,1.83735420993769,13.2,2.7,1743000,6259000,515760,12,65.3938328806519,3.24332960536827
624,東京都,13,0.562,2021/3/31,1,1,66.8773794985992,2.83025644709432,12.8,2.7,3209000,13921000,219407,63,78.9957617987214,3.51986207887364
625,神奈川県,14,0.707,2021/3/31,1,1,34.4748858447489,1.13068058273538,13.2,2.5,2329000,9198000,241630,38,44.9771689497717,2.26136116547075
626,山梨県,19,0.492,2021/3/31,0,0,3.69913686806412,0.246609124537608,11.5,2,250000,811000,446527,2,4.68557336621455,0.369913686806412
627,新潟県,15,0.691,2021/3/31,0,0,17.1390013495277,0.134952766531714,8.5,2.7,720000,2223000,1258424,2,7.64732343679712,0.269905533063428
628,富山県,16,0.611,2021/3/31,0,0,3.16091954022989,0.0957854406130268,9.6,2.1,337000,1044000,424759,2,3.16091954022989,0.0957854406130268
629,石川県,17,0.484,2021/3/31,0,0,5.27240773286468,0.175746924428823,9.7,2.1,337000,1138000,418605,3,34.182776801406,0.351493848857645
630,長野県,20,0.556,2021/3/31,0,0,21.0834553440703,0,7.4,2.6,653000,2049000,1356156,2,3.70912640312347,0.244021473889702
631,福井県,18,0.65,2021/3/31,0,0,5.72916666666667,0,9.8,1.9,235000,768000,419052,2,4.03645833333333,0.78125
632,岐阜県,21,0.658,2021/3/31,0,1,11.3236034222446,0.754906894816306,11.8,1.7,599000,1987000,1062129,2,24.9622546552592,2.06341217916457
633,静岡県,22,0.567,2021/3/31,0,0,15.7519209659715,0.686059275521405,13.6,2.5,1089000,3644000,777735,5,15.1207464324918,0.466520307354555
634,愛知県,23,0.592,2021/3/31,0,1,19.9284957627119,0.860699152542373,12,2.7,1892000,7552000,517306,15,24.364406779661,1.5625
635,三重県,24,0.64,2021/3/31,0,0,12.6333520494104,0.954519932622122,11.5,1.8,530000,1781000,577445,3,19.0903986524424,1.2914093206064
636,滋賀県,25,0.676,2021/3/31,0,0,21.4285714285714,0.636492220650636,10.2,2.8,368000,1414000,401738,4,24.3281471004243,1.13154172560113
637,京都府,26,0.539,2021/3/31,0,1,17.5764614789005,0.503290747193186,11.6,2.9,753000,2583000,461220,6,23.8482384823848,1.43244289585753
638,大阪府,27,0.721,2021/3/31,0,1,57.6682937904416,0.760585764558974,12.2,3.9,2434000,8809000,190529,46,38.1995686229992,2.16823703030991
639,兵庫県,28,0.667,2021/3/31,0,1,38.2363702890596,1.11598975484815,12.3,2.8,1591000,5466000,840094,7,27.478960848884,2.34174899377973
640,奈良県,29,0.602,2021/3/31,0,0,30.6766917293233,0.676691729323308,11,2.3,417000,1330000,369094,4,23.609022556391,0.601503759398496
641,和歌山県,30,0.709,2021/3/31,0,0,13.4054054054054,0,12.4,2.6,306000,925000,472465,2,10.8108108108108,0.432432432432432
642,鳥取県,31,0.612,2021/3/31,0,0,8.99280575539568,0,10.4,2.7,178000,556000,350714,2,1.97841726618705,0
643,島根県,32,0.702,2021/3/31,0,0,0.445103857566766,0,10.4,2.3,231000,674000,670807,1,2.37388724035608,0
644,岡山県,33,0.701,2021/3/31,0,0,11.0582010582011,0.158730158730159,11.3,2.5,573000,1890000,711433,3,7.72486772486773,0.582010582010582
645,広島県,34,0.673,2021/3/31,0,0,5.24251069900143,0.14265335235378,12.1,2.5,823000,2804000,847964,3,7.45363766048502,0.356633380884451
646,山口県,35,0.66,2021/3/31,0,0,2.65095729013255,0.368188512518409,11.7,1.8,466000,1358000,611253,2,10.8247422680412,1.25184094256259
647,徳島県,36,0.641,2021/3/31,0,0,11.4010989010989,0.274725274725275,12.2,2.2,245000,728000,414675,2,9.2032967032967,0.274725274725275
648,香川県,37,0.612,2021/3/31,0,0,8.99581589958159,0.104602510460251,8,2.3,305000,956000,187679,5,11.1924686192469,0.313807531380753
649,愛媛県,38,0.572,2021/3/31,0,0,22.7035100821509,0.0746825989544436,12.1,2.4,442000,1339000,567616,2,5.22778192681105,0.373412994772218
650,高知県,39,0.672,2021/3/31,0,0,4.72779369627507,0.286532951289398,13.9,2,246000,698000,710364,1,5.30085959885387,0.429799426934097
651,福岡県,40,0.63,2021/3/31,0,1,18.6716300940439,0.803291536050157,13.5,3.1,1425000,5104000,498651,10,36.9710031347962,2.03761755485893
652,佐賀県,41,0.724,2021/3/31,0,0,16.1963190184049,0.613496932515337,13.4,1.4,246000,815000,244070,3,13.0061349693252,0.49079754601227
653,長崎県,42,0.779,2021/3/31,0,0,1.65787490580256,0.226073850791258,13.9,2.5,433000,1327000,413100,3,6.48078372268274,0.678221552373775
654,熊本県,43,0.619,2021/3/31,0,0,3.60411899313501,0.11441647597254,13.9,2.9,543000,1748000,740945,2,5.94965675057208,0.51487414187643
655,大分県,44,0.647,2021/3/31,0,0,1.40969162995595,0.0881057268722467,12.6,2.2,373000,1135000,634076,2,11.8942731277533,0.352422907488987
656,宮崎県,45,0.803,2021/3/31,0,0,1.39794967381174,0.0931966449207828,14.7,2.5,346000,1073000,773533,1,11.8359739049394,0.0931966449207828
657,鹿児島県,46,0.716,2021/3/31,0,0,4.30711610486891,0.124843945068664,15.6,2.8,512000,1602000,918708,2,8.67665418227216,0.436953807740325
658,沖縄県,47,0.714,2021/3/31,0,0,88.7130075705437,0.619408121128699,20.8,3.8,322000,1453000,228100,6,44.6662078458362,1.99587061252581