"term","num_suicide_total","num_suicide_male","num_suicide_female","pop_female","pop_male","pop_total","query_intento_de_suicidio","query_pensamientos_suicidas","query_beneficios_sociales","query_cómo_suicidarse","query_sulfuro_de_hidrógeno","query_mercado_de_valores","query_violencia_doméstica","query_somníferos","query_enfermedad_crónica","query_prevención_del_suicidio","query_demanda_judicial","query_creencia_religiosa","query_estrés","query_cáncer","query_depresión_grave","query_depresión","query_suicidio","query_suicidarse","query_trastorno_bipolar","query_soledad","query_divorcio","query_ansiedad","query_desempleo","query_trastorno_depresivo_mayor","query_abuso","query_insomnio","query_matrimonio","query_dolor_de_cabeza","query_línea_directa_de_suicidio","query_drogas_ilícitas","query_ruptura_de_pareja","query_asma","query_alcohol","query_esquizofrenia","query_bienestar_social","query_antidepresivo","query_suicidio_adolescente","query_alergia","query_dolor","query_trastorno_de_ansiedad","query_trabajo","query_ideas_suicidas","query_ahorcamiento","query_embriaguez","suicide_rate_total","suicide_rate_male","suicide_rate_female"
"2004-01-01",266,201,65,21622873,20924581,42547454,0,0,0,0,0,89,65,0,0,0,0,0,95,59,0,84,48,39,44,48,43,61,47,0,42,83,59,19,0,0,0,84,86,98,88,0,0,36,21,0,70,0,0,0,0.625184294223574,0.96059271150997,0.300607601959277
"2004-02-01",280,208,72,21622873,20924581,42547454,0,0,0,0,0,56,100,0,0,0,0,0,64,60,0,85,42,0,34,62,42,70,44,0,43,63,59,11,0,0,0,84,74,76,73,0,0,36,19,0,77,0,0,0,0.658088730761657,0.994046189025243,0.332980728324122
"2004-03-01",270,191,79,21622873,20924581,42547454,0,0,0,0,0,71,97,0,0,0,0,0,88,53,0,58,32,48,32,58,25,68,41,0,39,70,53,12,0,0,0,87,64,82,74,0,0,31,19,0,100,0,0,0,0.634585561805884,0.912802029345295,0.365353854688968
"2004-04-01",260,201,59,21622873,20924581,42547454,0,0,0,0,0,55,58,0,0,0,0,0,97,57,0,91,38,0,35,66,30,68,37,0,35,65,55,17,0,0,0,87,60,88,64,0,0,43,21,0,98,0,0,0,0.61108239285011,0.96059271150997,0.272859207932267
"2004-05-01",333,252,81,21622873,20924581,42547454,0,0,0,0,0,84,92,0,0,0,0,0,97,55,0,100,50,33,33,53,37,72,43,0,35,61,66,19,0,0,0,100,71,100,72,0,0,52,20,0,98,0,0,0,0.782655526227257,1.20432519054981,0.374603319364638
"2004-06-01",327,261,66,21622873,20924581,42547454,0,0,0,0,0,49,90,0,0,0,0,0,56,73,0,57,53,49,33,45,30,71,40,0,31,66,61,18,0,0,0,75,63,68,68,94,0,44,21,100,85,0,0,0,0.768553624853793,1.24733680449802,0.305232334297112
"2004-07-01",345,266,79,21766121,21093052,42859172,0,0,0,0,0,56,62,0,0,0,100,0,38,47,0,48,49,32,29,48,28,74,34,0,21,40,59,16,0,0,0,59,75,72,78,100,0,33,21,0,65,0,0,0,0.804961887737822,1.26107876660049,0.362949374397027
"2004-08-01",318,238,80,21766121,21093052,42859172,0,0,0,0,0,28,37,0,0,0,0,0,62,43,0,75,50,37,38,50,31,73,31,0,22,100,58,14,0,0,0,52,79,92,61,0,0,27,22,0,60,0,0,0,0.741964870436601,1.12833363327412,0.367543670275471
"2004-09-01",306,244,62,21766121,21093052,42859172,0,0,0,0,0,50,28,0,0,0,0,0,70,54,0,82,45,42,31,47,63,75,40,0,35,78,62,18,0,0,0,75,74,66,86,0,0,30,23,0,75,0,0,0,0.713966196080503,1.15677901898692,0.28484634446349
"2004-10-01",277,197,80,21766121,21093052,42859172,0,0,0,0,0,83,62,0,0,0,0,0,71,68,0,62,100,100,36,53,42,78,46,0,35,70,71,16,0,0,0,90,89,88,79,0,0,32,23,0,71,0,0,0,0.646302733053266,0.93395683090337,0.367543670275471
"2004-11-01",250,185,65,21766121,21093052,42859172,0,0,0,0,0,81,71,0,0,0,0,0,80,64,0,70,56,47,28,50,47,74,48,0,35,82,58,18,0,0,0,87,89,73,96,0,0,32,23,0,70,0,0,0,0.583305715752045,0.877066059477784,0.29862923209882
"2004-12-01",275,207,68,21766121,21093052,42859172,0,0,0,0,0,86,70,0,0,0,0,0,62,66,0,54,50,52,42,49,37,67,34,0,28,67,49,17,0,0,0,72,100,76,73,0,0,24,22,0,54,100,0,0,0.641636287327249,0.981365807091359,0.31241211973415
"2005-01-01",285,209,76,21961052,21335283,43296335,0,0,0,0,0,100,44,0,0,0,0,0,85,54,0,61,44,48,40,49,43,72,43,0,30,76,58,16,0,0,0,70,90,89,96,0,0,30,23,0,67,0,0,0,0.658254330303015,0.979597973928914,0.346067210259326
"2005-02-01",255,206,49,21961052,21335283,43296335,0,0,0,0,0,74,35,0,0,0,0,0,99,58,0,70,48,25,41,47,39,68,44,0,29,81,54,16,0,0,0,69,75,69,86,0,0,35,22,0,69,0,0,0,0.588964400797435,0.965536758992135,0.223122280298776
"2005-03-01",302,229,73,21961052,21335283,43296335,0,0,0,0,0,52,34,0,0,0,0,0,74,65,0,70,74,54,37,60,36,69,37,0,31,57,54,17,0,0,0,71,85,82,86,0,0,37,24,0,60,0,0,0,0.697518623689511,1.07333940684077,0.332406662485932
"2005-04-01",307,241,66,21961052,21335283,43296335,100,0,0,0,0,61,34,0,0,0,0,0,100,63,0,64,50,28,40,49,53,69,41,0,47,73,77,18,0,0,100,90,72,82,94,0,0,40,23,68,63,0,0,0,0.709066945273774,1.12958426658789,0.300532051014678
"2005-05-01",304,234,70,21961052,21335283,43296335,0,0,0,0,0,60,51,0,0,0,49,0,90,58,0,70,60,51,35,55,43,69,42,0,45,86,67,18,0,0,0,100,72,94,88,74,0,51,25,0,62,0,0,0,0.702137952323216,1.09677476506874,0.318746114712537
"2005-06-01",320,235,85,21961052,21335283,43296335,0,0,0,0,0,35,33,0,0,0,0,0,67,58,0,70,50,44,31,51,49,66,35,0,35,66,86,21,0,0,0,54,68,70,80,0,0,35,23,0,60,0,0,0,0.739092581392859,1.10146183671433,0.38704885357951
"2005-07-01",306,225,81,22120648,21541965,43662613,0,0,0,0,0,35,40,0,0,0,0,0,51,46,0,53,39,32,30,47,100,68,32,0,30,60,71,21,0,0,0,30,71,59,75,0,0,29,21,0,49,0,11,0,0.700828418125136,1.04447296242474,0.36617372149315
"2005-08-01",292,218,74,22120648,21541965,43662613,0,0,0,0,0,42,0,0,0,0,0,0,42,42,0,58,45,40,35,51,41,68,27,0,27,87,62,19,0,0,83,45,76,65,59,0,0,26,26,0,53,0,0,0,0.668764372851437,1.01197824803819,0.334529078894976
"2005-09-01",275,199,76,22120648,21541965,43662613,0,0,0,0,0,58,22,0,0,0,60,0,48,45,0,52,40,33,29,45,52,66,36,0,24,70,64,22,0,0,0,61,67,62,80,0,0,30,23,49,65,0,0,0,0.629829460733374,0.92377830898899,0.343570405351597
"2005-10-01",278,220,58,22120648,21541965,43662613,0,0,0,0,0,59,23,0,0,0,0,0,73,45,0,56,38,33,32,47,40,65,38,0,29,69,57,17,0,0,61,66,87,78,85,88,0,29,25,0,65,0,0,0,0.636700327577738,1.02126245214863,0.262198467242008
"2005-11-01",230,163,67,22120648,21541965,43662613,0,0,0,0,0,61,51,0,0,0,56,0,68,47,0,67,37,25,38,43,40,64,37,0,33,51,50,20,0,0,0,77,87,76,89,0,0,31,24,46,75,0,0,0,0.526766458067913,0.756662635001032,0.302884436296803
"2005-12-01",245,191,54,22120648,21541965,43662613,0,0,0,0,0,42,19,0,0,0,58,0,60,40,0,55,39,34,34,45,34,53,28,0,25,55,45,18,0,0,0,70,100,61,81,0,0,25,23,0,72,0,0,0,0.561120792289733,0.886641492547221,0.244115814328767
"2006-01-01",264,201,63,22290652,21719317,44009969,0,0,0,0,0,45,35,0,0,0,0,0,75,44,0,57,40,25,39,46,34,59,37,0,30,62,48,20,0,0,0,74,76,68,84,53,0,24,25,0,75,0,0,0,0.599864089883817,0.925443465832742,0.282629687099328
"2006-02-01",221,169,52,22290652,21719317,44009969,0,0,0,0,0,60,32,0,0,0,0,0,63,50,0,69,39,34,34,48,33,66,36,0,39,52,51,20,0,0,46,80,63,75,94,54,0,34,25,0,69,0,0,0,0.502158954031529,0.778109182715092,0.233281646494683
"2006-03-01",289,229,60,22290652,21719317,44009969,0,0,85,0,0,59,22,0,0,0,40,0,60,54,0,64,50,39,48,48,37,62,35,0,27,67,53,23,0,0,46,67,63,70,100,78,0,39,28,37,59,0,0,0,0.656669401425845,1.05436096356069,0.269171130570788
"2006-04-01",285,217,68,22290652,21719317,44009969,0,0,0,0,0,45,20,0,87,0,0,0,51,41,0,65,39,32,35,53,31,62,31,0,35,58,78,23,0,0,47,66,64,67,75,44,0,42,26,51,52,0,0,0,0.647580551579121,0.999110607391568,0.305060614646893
"2006-05-01",323,245,78,22290652,21719317,44009969,0,0,0,0,0,56,27,0,0,0,0,0,73,56,0,61,46,31,45,46,35,63,37,0,33,54,74,20,0,0,0,91,59,75,99,54,0,66,23,42,56,0,0,0,0.733924625123003,1.12802810511951,0.349922469742025
"2006-06-01",305,238,67,22290652,21719317,44009969,0,0,0,0,0,32,23,0,0,0,0,0,59,47,0,57,44,40,40,44,34,53,29,0,28,50,56,21,0,0,43,55,52,67,73,0,0,30,24,40,55,0,0,0,0.693024800812743,1.09579873068753,0.30057442913738
"2006-07-01",299,236,63,22459813,21900709,44360521,0,0,0,100,0,29,0,0,100,0,0,0,42,37,0,39,36,26,32,38,33,52,28,0,22,43,46,15,0,0,46,39,55,51,66,46,0,25,24,0,44,0,0,0,0.674022741978166,1.07759068439291,0.28050099971892
"2006-08-01",302,233,69,22459813,21900709,44360521,0,0,0,0,0,31,14,0,0,0,0,0,46,33,0,43,44,33,34,42,32,54,22,0,23,61,52,24,0,0,0,40,60,53,45,0,0,25,26,44,46,0,0,0,0.680785511964569,1.0638924977269,0.307215380644532
"2006-09-01",284,225,59,22459813,21900709,44360521,0,0,0,0,0,37,30,0,0,0,47,0,39,32,0,41,38,37,29,39,35,55,31,0,19,66,51,21,0,0,54,47,54,57,71,0,0,22,22,0,57,0,0,0,0.640208892046151,1.02736399995087,0.262691412435179
"2006-10-01",267,213,54,22459813,21900709,44360521,0,0,93,0,0,53,15,0,0,0,29,0,56,44,0,57,40,34,39,39,35,57,30,0,29,60,51,21,0,0,47,64,56,52,76,45,0,29,25,34,56,0,0,0,0.601886528789867,0.972571253286823,0.240429428330503
"2006-11-01",220,167,53,22459813,21900709,44360521,0,0,84,0,0,59,25,0,0,0,0,0,50,55,0,49,38,38,38,41,35,57,32,0,47,59,45,23,0,0,37,68,62,72,79,65,0,28,25,41,52,0,0,0,0.495936465669553,0.762532391074645,0.235977031509568
"2006-12-01",187,139,48,22459813,21900709,44360521,0,0,0,0,0,37,20,0,0,0,0,0,58,44,0,48,40,27,33,37,32,51,26,0,32,52,37,24,0,0,0,65,77,50,51,50,0,24,25,0,40,0,66,0,0.42154599581912,0.634682648858537,0.213715047404892
"2007-01-01",257,199,58,22665689,22118970,44784659,0,0,56,0,0,40,21,0,0,0,0,0,56,41,0,49,40,40,31,38,32,53,32,0,26,51,49,21,0,0,33,66,56,54,81,56,0,24,24,0,49,0,100,49,0.573857221956295,0.899680229233097,0.255893390225199
"2007-02-01",238,188,50,22665689,22118970,44784659,0,0,0,0,0,50,25,0,0,0,23,0,40,42,0,47,91,47,32,44,32,58,32,0,30,60,48,22,0,0,0,65,60,58,76,30,0,30,25,35,51,0,4,0,0.531431979866141,0.849949161285539,0.220597750194137
"2007-03-01",294,218,76,22665689,22118970,44784659,0,0,90,0,0,45,16,0,0,0,21,0,56,38,0,57,39,45,39,53,30,61,29,0,27,60,46,20,0,0,50,70,60,62,90,31,0,38,24,0,47,0,4,0,0.656474798658174,0.985579346597061,0.335308580295088
"2007-04-01",257,201,56,22665689,22118970,44784659,0,0,100,0,0,49,14,0,0,0,33,0,50,37,0,44,40,28,35,60,29,53,28,0,27,57,46,22,0,0,38,63,54,65,90,72,0,33,24,35,44,0,0,82,0.573857221956295,0.908722241587199,0.247069480217433
"2007-05-01",314,232,82,22665689,22118970,44784659,32,0,60,0,0,47,7,0,0,0,29,0,63,38,0,51,39,33,41,51,30,57,30,0,28,58,50,23,0,0,39,76,48,61,89,23,0,56,24,39,49,0,0,0,0.701132948226758,1.04887343307577,0.361780310318385
"2007-06-01",302,229,73,22665689,22118970,44784659,0,0,76,0,0,42,22,0,0,0,36,0,55,36,0,43,41,26,31,53,29,54,29,0,26,55,49,22,0,0,33,54,48,49,80,46,0,39,24,26,44,0,0,0,0.674338058485608,1.03531041454462,0.32207271528344
"2007-07-01",315,246,69,22873931,22362074,45236004,0,0,0,0,0,45,9,0,48,0,35,0,39,27,0,36,39,31,30,46,29,55,29,0,22,53,46,21,0,0,34,40,46,46,78,46,0,30,23,28,40,0,0,0,0.696347979808296,1.10007685333659,0.301653441203438
"2007-08-01",295,214,81,22873931,22362074,45236004,0,0,0,0,0,29,0,0,0,0,0,0,42,30,0,41,48,33,29,47,28,56,26,0,21,67,61,25,0,0,0,42,53,47,64,38,0,25,25,31,42,0,0,0,0.652135409661738,0.956977425260287,0.354114909238819
"2007-09-01",272,203,69,22873931,22362074,45236004,0,0,63,0,0,32,12,0,0,0,27,0,48,32,0,38,36,31,32,54,35,59,32,0,26,56,68,23,0,0,45,49,44,49,74,43,0,27,24,34,53,0,0,0,0.601290953993195,0.907786996859057,0.301653441203438
"2007-10-01",249,187,62,22873931,22362074,45236004,23,0,74,0,0,51,18,0,0,0,38,0,59,37,0,42,36,29,34,60,35,55,35,0,28,48,85,26,0,0,41,62,55,56,75,55,0,25,26,37,51,0,0,0,0.550446498324653,0.836237282820905,0.271050918182799
"2007-11-01",237,180,57,22873931,22362074,45236004,39,0,80,0,0,50,17,0,0,0,35,0,60,36,0,44,36,29,28,63,42,53,35,0,32,48,93,26,0,0,28,66,52,52,80,51,0,25,28,28,49,0,0,0,0.523918956236718,0.804934282929213,0.249191973168058
"2007-12-01",233,166,67,22873931,22362074,45236004,0,0,65,0,0,32,10,0,0,0,20,0,57,31,0,40,40,29,27,59,29,47,26,0,27,43,74,22,0,0,35,54,57,46,69,36,0,22,24,0,37,0,0,37,0.515076442207406,0.74232828314583,0.292909863197541
"2008-01-01",271,203,68,23077454,22591484,45668938,23,0,60,0,0,48,11,0,42,0,29,0,55,35,0,40,46,33,34,62,37,58,41,0,28,56,97,27,0,0,28,59,49,52,88,52,0,28,29,30,51,0,0,45,0.593401142807393,0.898568681898011,0.294659887524854
"2008-02-01",257,203,54,23077454,22591484,45668938,0,0,96,0,0,41,12,0,0,0,42,0,50,34,0,41,42,36,29,100,34,57,41,0,31,50,71,25,0,0,33,56,46,49,99,56,0,31,29,48,49,0,0,0,0.562745733215868,0.898568681898011,0.233994616563855
"2008-03-01",309,246,63,23077454,22591484,45668938,0,0,77,0,0,34,13,0,0,0,35,0,34,35,0,41,39,32,26,78,34,56,32,0,29,57,68,24,0,0,46,54,43,48,95,55,0,33,30,34,47,0,0,0,0.676608683127249,1.08890589037887,0.272993719324497
"2008-04-01",283,218,65,23077454,22591484,45668938,0,0,91,0,0,36,9,0,42,0,31,0,63,38,0,41,45,34,27,64,32,55,39,0,35,52,67,24,0,0,29,59,42,57,93,42,0,38,29,46,52,0,3,43,0.619677208171559,0.964965382530869,0.28166018660464
"2008-05-01",282,227,55,23077454,22591484,45668938,0,0,64,0,0,33,12,0,0,0,42,0,66,36,0,44,41,34,46,72,30,58,40,0,38,45,69,22,0,0,32,60,48,55,85,52,0,39,29,28,49,0,2,42,0.617487536057878,1.00480340291058,0.238327850203926
"2008-06-01",326,258,68,23077454,22591484,45668938,23,0,59,0,0,31,13,0,0,0,44,0,41,32,0,34,34,31,29,55,28,54,35,0,31,46,62,22,0,0,28,56,41,44,81,39,0,34,26,26,47,0,0,0,0.713833109059817,1.14202325088516,0.294659887524854
"2008-07-01",301,229,72,23226305,22756864,45983169,0,0,75,0,0,30,10,0,0,0,26,0,30,27,0,30,38,32,27,52,28,48,36,0,27,57,57,23,0,0,42,42,42,38,67,45,0,30,30,25,42,0,0,46,0.654587333900367,1.00628979458681,0.309993345906721
"2008-08-01",296,231,65,23226305,22756864,45983169,0,0,68,0,0,19,8,0,0,0,22,0,23,21,0,28,37,41,26,55,28,51,32,0,25,54,59,22,0,0,46,42,46,40,52,65,0,26,29,21,40,0,3,44,0.643713790147869,1.01507835174477,0.279855103943567
"2008-09-01",282,213,69,23226305,22756864,45983169,0,0,55,0,0,32,8,0,0,0,27,0,40,28,0,33,42,32,28,52,34,49,48,0,28,54,64,24,0,0,29,51,42,35,78,62,0,26,29,36,52,0,0,0,0.613267867640875,0.935981337323104,0.297076956493941
"2008-10-01",304,234,70,23226305,22756864,45983169,20,0,50,0,0,48,14,0,35,0,38,0,38,37,0,37,38,30,28,51,32,50,51,0,30,44,70,25,0,0,24,61,40,50,75,64,0,28,30,47,53,0,0,0,0.661111460151866,1.02826118748172,0.301382419631534
"2008-11-01",273,206,67,23226305,22756864,45983169,24,0,58,0,0,40,13,0,0,0,27,0,45,33,100,38,50,35,37,54,33,53,53,0,36,43,74,28,0,100,31,66,42,49,72,47,0,27,30,17,49,0,0,47,0.593695488886379,0.905221387270232,0.288466030218754
"2008-12-01",273,208,65,23226305,22756864,45983169,0,0,41,0,0,34,7,0,0,0,31,0,40,26,0,33,41,36,37,49,28,44,49,0,27,41,57,22,0,0,37,53,47,46,53,42,0,24,26,29,34,0,0,39,0.593695488886379,0.914009944428195,0.279855103943567
"2009-01-01",275,218,57,23358736,22880534,46239271,0,0,71,0,0,26,6,0,43,0,25,0,46,29,0,36,38,33,34,48,30,48,59,0,30,56,56,26,0,0,34,60,44,47,71,49,0,26,29,28,50,0,0,30,0.59473255968936,0.952774965829032,0.244020053139862
"2009-02-01",270,208,62,23358736,22880534,46239271,0,0,60,0,0,34,6,0,36,0,39,0,39,35,0,36,39,33,30,51,28,51,66,0,33,47,61,27,0,0,28,49,40,46,76,55,0,33,30,34,47,0,0,34,0.583919240422281,0.90906969216715,0.265425320959148
"2009-03-01",272,209,63,23358736,22880534,46239271,31,0,60,0,0,31,8,0,61,0,26,0,46,35,0,38,40,34,31,55,28,50,54,0,35,57,58,26,0,0,44,63,41,48,84,61,0,43,31,33,46,0,2,36,0.588244568129113,0.913440219533338,0.269706374523005
"2009-04-01",258,210,48,23358736,22880534,46239271,25,0,31,0,0,34,7,0,28,0,40,0,45,28,0,30,42,41,31,63,31,52,56,0,30,47,58,26,0,0,27,57,41,44,75,36,0,36,30,52,44,0,0,38,0.557967274181291,0.917810746899526,0.205490571065147
"2009-05-01",316,251,65,23358736,22880534,46239271,24,0,68,0,0,39,8,0,36,0,42,0,49,26,0,29,46,39,30,52,35,53,54,0,37,49,62,28,0,0,27,65,39,47,76,61,0,50,30,45,42,0,0,42,0.68340177767941,1.09700236891324,0.278268481650719
"2009-06-01",321,247,74,23358736,22880534,46239271,0,0,50,0,0,33,5,0,24,0,42,0,36,26,0,27,57,42,25,54,29,49,52,0,33,45,52,26,0,0,23,50,38,40,67,45,0,32,29,37,41,0,2,64,0.694215096946489,1.07952025944849,0.316797963725434
"2009-07-01",330,265,65,23433048,22934502,46367550,16,0,34,0,0,29,0,0,0,0,32,0,25,20,0,21,51,31,27,52,35,46,47,0,30,46,51,27,0,0,28,47,40,39,66,42,0,26,30,33,35,0,0,32,0.711704629638616,1.15546437415558,0.277386023363243
"2009-08-01",298,233,65,23433048,22934502,46367550,28,0,47,0,0,20,7,0,0,0,13,0,25,19,0,23,44,29,25,55,32,53,52,0,28,64,60,30,0,0,27,51,42,36,60,62,0,27,32,29,37,0,2,40,0.642690847370629,1.01593660067265,0.277386023363243
"2009-09-01",303,233,70,23433048,22934502,46367550,17,0,56,0,0,30,6,0,27,0,20,0,35,21,0,23,44,21,29,51,37,52,59,0,27,55,47,30,0,0,34,54,40,42,74,46,0,27,31,31,43,0,2,47,0.653474250850002,1.01593660067265,0.2987234097758
"2009-10-01",290,219,71,23433048,22934502,46367550,0,0,62,0,0,39,9,0,30,0,38,0,41,27,0,27,58,25,67,56,34,57,56,0,34,54,50,33,0,0,37,61,45,45,72,54,0,26,32,42,45,0,1,39,0.625437401803632,0.95489319977386,0.302990887058312
"2009-11-01",288,217,71,23433048,22934502,46367550,19,0,83,0,0,34,9,0,30,0,33,0,42,23,0,23,56,22,45,54,35,55,61,0,35,62,47,36,0,0,56,75,48,47,70,63,0,28,34,40,43,0,3,41,0.621124040411883,0.946172713931177,0.302990887058312
"2009-12-01",208,156,52,23433048,22934502,46367550,40,0,80,0,0,23,7,0,0,0,23,0,32,20,0,20,42,23,37,49,31,46,48,0,28,47,50,29,0,0,43,50,48,39,58,59,0,22,30,42,30,0,0,48,0.448589584741915,0.680197895729325,0.221908818690595
"2010-01-01",270,223,47,23504349,22982272,46486621,30,0,53,0,0,21,6,0,0,0,28,0,33,21,0,24,41,23,40,53,32,49,59,0,27,53,56,27,0,0,31,55,41,43,72,32,0,24,31,39,39,0,0,41,0.580812272847278,0.970313117867546,0.199962994082499
"2010-02-01",227,170,57,23504349,22982272,46486621,18,0,67,0,0,31,7,0,0,0,37,0,29,23,0,25,41,19,32,54,33,52,63,0,28,50,57,32,0,0,34,50,38,43,83,69,0,27,33,50,43,0,2,40,0.488312540504934,0.739700583127726,0.242508311972393
"2010-03-01",293,235,58,23504349,22982272,46486621,23,0,60,0,0,30,6,0,26,0,32,0,37,20,0,23,43,18,37,59,36,48,50,0,36,74,57,31,0,0,44,51,41,42,71,63,0,34,34,39,39,0,1,38,0.630288873867602,1.02252727667656,0.246762843761382
"2010-04-01",289,225,64,23504349,22982272,46486621,20,60,74,0,0,24,6,0,33,0,31,0,31,25,0,26,51,22,35,64,31,49,60,0,37,62,59,31,0,0,26,54,40,46,64,61,0,39,35,38,38,0,3,34,0.621684247603197,0.979015477669049,0.272290034495318
"2010-05-01",313,259,54,23504349,22982272,46486621,0,0,66,0,0,34,7,0,33,0,35,0,42,22,0,28,47,19,34,52,34,51,54,0,38,60,56,32,0,0,39,67,37,42,68,49,0,49,33,42,40,0,0,39,0.673312005189622,1.12695559429459,0.229744716605425
"2010-06-01",268,213,55,23504349,22982272,46486621,20,0,36,0,0,28,4,0,0,0,32,0,35,19,0,24,40,22,31,51,30,50,47,0,31,47,62,29,0,0,33,56,36,39,57,51,0,35,32,37,36,0,1,35,0.576509959715076,0.926801318860033,0.233999248394414
"2010-07-01",280,207,73,23553902,23008580,46562483,20,100,59,0,0,25,5,0,26,0,30,0,36,19,0,22,39,23,33,50,31,46,46,0,27,50,57,27,0,0,23,40,37,31,48,47,0,27,31,34,31,0,2,37,0.601342501429746,0.899664386068154,0.309927416697242
"2010-08-01",273,217,56,23553902,23008580,46562483,0,0,44,0,0,14,4,0,0,0,16,0,24,18,0,20,39,21,31,54,30,51,47,0,28,68,60,34,0,0,46,45,43,35,43,41,0,28,35,33,32,0,2,39,0.586308938894002,0.943126433704296,0.23775253883624
"2010-09-01",265,199,66,23553902,23008580,46562483,24,0,53,0,0,22,8,0,22,0,35,0,24,21,0,23,44,21,26,47,33,52,54,0,25,57,53,33,0,0,28,55,39,37,54,38,0,25,32,33,39,0,2,50,0.569127724567438,0.86489474795924,0.280208349342712
"2010-10-01",240,184,56,23553902,23008580,46562483,15,0,86,0,0,25,7,0,24,0,26,0,31,26,0,25,49,24,26,50,33,51,53,0,31,56,51,33,0,0,31,61,46,42,53,58,0,26,33,30,38,0,2,44,0.515436429796925,0.799701676505025,0.23775253883624
"2010-11-01",202,156,46,23553902,23008580,46562483,0,0,78,0,0,30,7,0,34,0,40,0,38,22,0,25,60,25,31,56,33,55,47,0,34,57,52,32,0,0,26,61,46,48,60,58,0,27,35,53,38,0,2,49,0.433825661745745,0.678007943123826,0.195296728329769
"2010-12-01",238,180,58,23553902,23008580,46562483,28,0,56,0,0,28,5,0,24,0,25,0,27,23,0,23,45,32,27,53,27,42,44,0,29,48,43,30,0,0,34,46,47,38,42,41,0,21,31,48,28,0,2,45,0.511141126215284,0.782316857450568,0.246243700937535
"2011-01-01",256,196,60,23617698,23049476,46667175,25,0,55,0,0,24,0,0,39,0,35,0,49,30,0,31,47,29,31,52,33,55,52,63,28,72,58,40,0,0,38,48,44,47,61,63,0,29,42,42,43,0,2,33,0.548565453126314,0.850344710656329,0.254046774584043
"2011-02-01",243,194,49,23617698,23049476,46667175,17,0,45,0,0,31,5,0,21,0,39,0,49,35,0,28,49,27,32,51,31,60,53,0,30,83,53,40,0,0,32,50,39,46,79,68,0,36,42,45,43,0,0,47,0.520708613709744,0.841667723812897,0.207471532576968
"2011-03-01",296,231,65,23617698,23049476,46667175,19,0,65,0,0,31,6,0,34,0,36,0,51,30,0,27,45,29,31,50,33,53,49,0,29,68,51,38,0,0,43,55,40,44,76,54,0,40,42,42,42,0,1,33,0.634278805177301,1.00219198041639,0.275217339132713
"2011-04-01",268,198,70,23617698,23049476,46667175,75,0,53,0,0,23,7,0,0,0,32,0,43,29,0,32,52,31,100,75,40,56,45,0,32,75,51,40,0,0,34,46,40,48,63,52,0,47,40,33,36,0,0,39,0.57427945874161,0.859021697499761,0.296387903681383
"2011-05-01",277,210,67,23617698,23049476,46667175,20,0,61,0,0,27,5,0,23,0,29,0,54,29,0,32,46,29,52,43,36,58,47,100,33,66,52,46,0,0,41,60,39,47,65,58,0,49,40,46,40,0,1,45,0.593564962953082,0.911083618560353,0.283685564952181
"2011-06-01",285,224,61,23617698,23049476,46667175,24,0,43,0,0,26,3,0,33,0,34,0,39,29,0,31,46,25,46,47,33,55,52,0,23,61,53,45,0,0,46,39,43,44,76,58,0,35,39,38,38,0,1,40,0.61070763336328,0.971822526464376,0.258280887493777
"2011-07-01",263,199,64,23662983,23073274,46736257,21,0,36,0,0,24,3,0,20,0,32,0,54,27,0,26,43,27,40,45,36,54,48,70,21,73,54,43,0,0,54,35,44,38,69,47,0,31,39,31,37,0,1,44,0.56273227015163,0.862469712794119,0.270464632459906
"2011-08-01",269,213,56,23662983,23073274,46736257,21,0,32,0,0,24,0,0,0,0,18,0,30,25,57,28,46,30,41,52,30,61,45,0,24,75,56,50,0,0,44,38,50,42,53,45,0,30,42,36,35,0,1,35,0.575570268710222,0.923145973995715,0.236656553402418
"2011-09-01",263,198,65,23662983,23073274,46736257,30,0,54,0,0,24,3,0,29,0,34,0,35,28,0,28,57,27,37,51,39,58,53,0,24,77,53,49,0,0,41,40,43,41,62,42,0,29,40,40,44,0,2,57,0.56273227015163,0.858135694136862,0.274690642342092
"2011-10-01",259,183,76,23662983,23073274,46736257,27,0,49,0,65,30,8,0,26,0,30,0,39,36,0,28,51,24,52,51,35,57,53,0,28,65,54,48,0,0,42,51,42,56,65,51,0,28,42,52,43,0,2,40,0.554173604445902,0.793125414278008,0.321176751046138
"2011-11-01",242,192,50,23662983,23073274,46736257,32,0,75,0,0,32,7,0,40,0,38,0,43,29,0,30,52,29,38,49,35,59,60,0,32,63,65,48,0,0,31,59,41,55,69,49,0,27,42,46,42,0,2,40,0.517799275196557,0.83213158219332,0.211300494109301
"2011-12-01",259,197,62,23662983,23073274,46736257,19,0,44,0,0,26,4,0,24,0,29,0,40,26,0,27,50,29,35,48,33,52,50,53,24,64,53,43,0,0,45,48,48,49,49,55,0,29,41,34,33,0,1,43,0.554173604445902,0.853801675479605,0.262012612695534
"2012-01-01",285,232,53,23719207,23099009,46818216,34,0,35,0,0,29,5,0,24,0,40,0,41,32,0,28,58,29,37,56,37,56,64,50,28,78,60,49,0,0,33,55,38,53,58,47,100,29,43,39,41,0,1,29,0.608737419640253,1.00437209232656,0.223447605141268
"2012-02-01",265,211,54,23719207,23099009,46818216,20,0,52,0,0,33,5,0,23,0,39,0,42,34,0,30,51,26,34,57,39,55,65,0,29,64,60,45,0,0,32,60,38,52,59,70,0,32,45,40,43,0,1,24,0.566019004226902,0.913459101210792,0.227663597691103
"2012-03-01",309,240,69,23719207,23099009,46818216,23,0,68,0,0,31,3,0,41,0,41,0,45,29,0,29,54,26,34,62,32,63,60,68,27,69,58,46,0,0,41,72,42,50,59,59,22,39,46,36,41,0,1,47,0.659999518136274,1.03900561275161,0.290903485938632
"2012-04-01",291,214,77,23719207,23099009,46818216,22,0,56,0,0,27,4,0,31,0,38,100,39,27,0,31,55,25,33,65,31,59,53,60,27,71,55,43,0,0,31,49,40,50,51,56,12,38,47,46,36,0,1,38,0.621552944264258,0.926446671370187,0.324631426337314
"2012-05-01",324,248,76,23719207,23099009,46818216,28,0,50,0,0,33,3,0,27,0,37,0,53,33,0,28,52,25,30,50,36,60,59,45,30,74,65,46,0,0,41,53,38,50,59,69,0,51,44,45,40,0,1,46,0.692038329696287,1.07363913317667,0.320415433787479
"2012-06-01",310,244,66,23719207,23099009,46818216,23,0,47,0,0,29,6,0,22,0,35,0,50,35,0,24,51,24,31,48,33,63,58,58,26,64,64,45,0,0,43,47,40,38,51,60,0,43,44,46,37,0,1,42,0.662135438906942,1.05632237296414,0.278255508289126
"2012-07-01",338,255,83,23700373,23048930,46749303,21,0,36,0,0,23,3,0,15,0,37,0,29,29,0,24,51,26,28,48,39,55,100,0,22,66,59,45,0,0,39,38,43,38,54,53,0,34,47,34,34,0,1,32,0.723005431760127,1.10634202976017,0.350205458791725
"2012-08-01",312,240,72,23700373,23048930,46749303,17,0,31,0,0,20,0,0,0,0,19,0,26,29,0,24,56,30,31,48,32,56,64,0,23,86,60,52,0,0,45,36,49,39,44,59,0,35,54,38,33,0,1,47,0.66738962931704,1.0412630868331,0.303792687144628
"2012-09-01",297,227,70,23700373,23048930,46749303,24,0,43,0,0,20,2,0,28,0,30,0,36,28,0,27,51,22,28,47,35,61,62,0,22,76,60,49,0,0,43,44,39,41,51,53,0,30,47,37,39,0,1,38,0.635303589446029,0.984861336296305,0.295354001390611
"2012-10-01",267,212,55,23700373,23048930,46749303,15,0,54,0,0,30,4,0,15,0,37,0,37,36,0,29,60,27,40,49,33,58,64,0,29,65,58,50,0,0,34,51,39,45,56,47,11,34,47,39,39,0,2,32,0.571131509704006,0.919782393369237,0.23206385823548
"2012-11-01",250,186,64,23700373,23048930,46749303,55,0,65,0,0,29,8,0,31,0,36,0,39,28,0,29,87,27,30,46,34,63,58,0,31,69,78,53,0,0,23,54,38,51,49,53,18,30,49,42,38,0,1,44,0.534767331183526,0.806978892295651,0.270037944128559
"2012-12-01",291,215,76,23700373,23048930,46749303,29,0,38,0,0,26,0,0,32,0,39,0,40,32,0,27,73,27,27,44,30,51,50,0,26,64,48,47,0,0,26,47,43,46,37,54,0,28,47,48,29,0,1,37,0.622469173497624,0.93279818195465,0.320670058652663
"2013-01-01",344,250,94,23699424,23013226,46712650,24,0,40,0,0,26,3,0,28,0,38,0,39,32,0,30,84,25,32,44,35,60,71,44,25,76,61,52,0,0,31,51,38,50,49,55,0,30,52,48,37,0,1,35,0.736417223171882,1.08633183370293,0.396634112288974
"2013-02-01",289,224,65,23699424,23013226,46712650,27,37,57,0,0,27,5,0,27,0,40,0,36,36,0,25,55,23,31,53,36,62,64,60,27,73,62,53,0,0,29,51,40,48,49,64,0,28,53,35,40,0,2,32,0.618676097374052,0.973353322997827,0.274268269135993
"2013-03-01",359,266,93,23699424,23013226,46712650,29,0,50,0,0,25,3,0,29,0,40,0,42,33,0,30,60,28,29,70,30,63,60,0,27,72,66,58,0,0,27,51,41,45,49,55,0,36,55,43,34,0,2,32,0.768528439298563,1.15585707105992,0.392414600456112
"2013-04-01",324,247,77,23699424,23013226,46712650,23,0,51,0,0,28,5,0,36,0,51,0,48,36,0,31,62,27,32,53,32,68,60,83,26,75,69,55,0,0,34,54,42,52,50,64,0,48,52,56,36,0,2,31,0.693602268336307,1.0732958516985,0.32490241113033
"2013-05-01",335,243,92,23699424,23013226,46712650,36,0,49,0,0,29,6,0,36,0,45,0,53,37,0,30,66,30,41,46,33,61,62,57,31,66,61,52,0,0,37,62,45,50,48,61,0,61,51,50,39,0,2,36,0.717150493495873,1.05591454235925,0.388195088623251
"2013-06-01",363,280,83,23699424,23013226,46712650,43,0,44,0,0,26,4,0,32,0,43,0,44,37,0,27,76,28,34,42,32,57,51,58,26,68,62,49,0,0,36,52,49,41,49,63,10,52,49,42,32,0,14,40,0.777091430265678,1.21669165374728,0.350219482127498
"2013-07-01",357,273,84,23648876,22932248,46581124,30,0,36,0,0,23,4,0,0,0,46,0,34,38,0,25,60,29,31,45,33,59,50,0,28,64,56,52,0,0,46,36,47,37,52,56,0,38,54,36,30,0,3,33,0.766404863910111,1.19046331611275,0.355196585241514
"2013-08-01",308,222,86,23648876,22932248,46581124,27,0,23,0,0,15,3,0,17,0,20,0,30,34,0,23,60,30,41,45,34,71,42,0,26,79,65,59,0,0,63,39,53,40,36,57,0,36,61,48,30,0,2,34,0.66121203945186,0.968069070245534,0.363653646794884
"2013-09-01",345,274,71,23648876,22932248,46581124,36,0,38,0,59,22,3,0,21,0,43,0,40,33,0,26,60,25,31,43,38,70,56,0,24,76,64,57,0,0,59,45,41,39,47,64,9,36,60,36,38,0,3,37,0.740643355879519,1.19482398760034,0.300225685144613
"2013-10-01",301,229,72,23648876,22932248,46581124,40,43,54,0,0,29,3,0,24,0,60,0,39,75,0,30,61,28,35,51,39,69,59,0,30,67,65,59,0,0,41,61,41,48,50,68,0,34,58,55,41,0,2,31,0.646184493100682,0.998593770658681,0.304454215921298
"2013-11-01",259,188,71,23648876,22932248,46581124,30,0,70,0,0,30,5,0,32,0,54,0,49,43,0,33,53,29,30,48,34,69,54,54,31,63,62,58,0,0,44,63,40,51,46,65,0,38,60,46,38,0,1,47,0.55601921499361,0.819806239667389,0.300225685144613
"2013-12-01",286,215,71,23648876,22932248,46581124,43,0,36,0,0,27,2,0,25,0,38,0,42,34,0,27,57,31,27,42,35,63,47,66,25,61,55,64,0,0,42,52,48,54,33,67,0,33,60,47,29,0,1,46,0.613982608062442,0.937544369832386,0.300225685144613
"2014-01-01",339,279,60,23621034,22874710,46495744,30,0,89,0,53,28,5,0,38,0,50,0,46,36,0,32,54,27,26,44,40,77,61,43,29,88,71,63,0,0,79,59,40,53,41,77,10,35,65,62,39,0,2,38,0.729098990221557,1.21968759385365,0.254010895543353
"2014-02-01",293,227,66,23621034,22874710,46495744,45,0,71,0,0,29,3,0,35,0,55,0,44,48,0,30,60,29,27,48,40,73,59,50,37,67,72,60,0,0,58,63,41,50,43,66,0,39,62,43,39,0,1,34,0.630165203937806,0.992362307544008,0.279411985097689
"2014-03-01",318,226,92,23621034,22874710,46495744,27,0,63,0,0,27,3,0,35,0,63,0,50,48,0,32,68,28,27,54,41,75,53,60,30,68,69,65,0,0,43,57,44,52,39,78,0,57,63,45,38,0,2,35,0.68393356604854,0.987990667422669,0.389483373166475
"2014-04-01",338,241,97,23621034,22874710,46495744,28,39,54,0,0,26,6,75,27,0,43,0,43,52,0,34,56,31,26,97,37,78,48,53,31,86,67,66,0,0,40,56,45,51,35,68,0,64,66,52,34,0,1,29,0.726948255737127,1.05356526924276,0.410650947795088
"2014-05-01",331,254,77,23621034,22874710,46495744,33,0,58,0,0,26,3,0,37,0,52,0,50,47,0,34,81,30,29,54,37,76,51,54,30,66,67,58,0,0,62,75,45,53,38,73,0,84,64,54,36,0,2,35,0.711893114346122,1.11039659082017,0.325980649280637
"2014-06-01",371,291,80,23621034,22874710,46495744,33,57,52,0,60,25,4,0,25,0,47,0,48,37,0,32,59,33,24,49,45,74,49,51,32,71,66,61,0,0,50,49,45,43,39,75,0,45,61,43,35,0,2,39,0.797922493723296,1.27214727530972,0.338681194057805
"2014-07-01",342,263,79,23597473,22835577,46433050,23,0,48,0,0,26,3,0,16,0,45,0,38,37,0,27,56,30,23,49,39,77,50,0,27,70,67,55,0,0,38,38,49,42,36,75,0,43,64,47,31,0,1,19,0.736544336415549,1.15171164713727,0.334781609878312
"2014-08-01",354,261,93,23597473,22835577,46433050,20,49,0,0,0,14,0,0,16,0,23,0,36,40,0,32,77,34,26,47,35,79,42,0,27,81,71,68,0,0,50,40,55,42,28,86,0,41,70,52,29,0,2,42,0.76238799734241,1.14295338366094,0.394109996439026
"2014-09-01",334,247,87,23597473,22835577,46433050,29,50,44,0,0,25,4,0,32,0,47,0,38,45,0,33,79,30,25,45,55,86,55,0,30,78,74,64,0,0,54,51,45,43,41,82,0,39,62,49,39,0,2,34,0.719315229130975,1.08164553932664,0.368683545055863
"2014-10-01",332,236,96,23597473,22835577,46433050,24,38,61,0,0,25,5,0,35,0,58,0,51,56,0,33,59,30,26,49,38,79,57,49,34,68,70,66,0,0,56,63,42,50,38,75,10,38,64,57,37,0,2,36,0.715007952309831,1.03347509020683,0.406823222130607
"2014-11-01",283,218,65,23597473,22835577,46433050,27,0,56,0,0,28,8,0,32,0,52,0,51,41,0,36,51,27,26,57,38,80,48,65,35,62,71,59,0,0,47,65,43,55,38,64,0,36,65,55,36,0,2,52,0.609479670191814,0.954650718919868,0.275453223317598
"2014-12-01",275,195,80,23597473,22835577,46433050,38,41,58,0,0,27,5,0,26,0,37,0,44,42,0,32,50,27,24,59,37,74,43,45,27,62,62,64,0,0,25,57,50,56,30,69,0,36,63,48,27,0,2,47,0.59225056290724,0.853930688942084,0.339019351775506
"2015-01-01",276,204,72,23603001,22822721,46425722,19,33,61,0,58,26,3,0,35,0,42,0,48,47,0,35,63,29,28,57,35,85,55,53,31,77,81,66,0,0,51,65,42,54,37,79,0,37,70,54,38,0,1,34,0.594498024177201,0.893846093110458,0.305045955808755
"2015-02-01",270,197,73,23603001,22822721,46425722,21,0,54,0,0,26,5,0,23,0,48,0,47,54,0,34,55,30,24,59,36,82,53,0,32,69,80,68,0,0,36,65,42,51,39,73,9,40,70,55,39,0,2,54,0.581574154086392,0.863174903640981,0.309282705194988
"2015-03-01",367,264,103,23603001,22822721,46425722,36,47,55,0,52,29,6,0,36,0,52,0,45,49,0,41,68,36,25,67,35,88,49,59,35,73,81,70,0,0,43,63,46,52,36,69,9,57,72,71,37,0,1,39,0.7905100538878,1.15674200284883,0.436385186781969
"2015-04-01",287,217,70,23603001,22822721,46425722,27,63,83,0,53,30,6,58,34,0,49,0,50,49,0,37,67,43,25,68,39,88,47,80,32,76,78,58,100,0,44,65,47,56,36,72,9,66,71,68,35,0,1,44,0.61819178601035,0.950806873553771,0.29657245703629
"2015-05-01",331,248,83,23603001,22822721,46425722,44,37,79,0,0,29,4,0,40,0,51,0,54,51,0,34,58,32,25,57,33,83,44,53,36,75,87,66,0,0,43,80,49,57,35,64,20,100,70,58,36,0,2,47,0.712966833342947,1.0866364269186,0.351650199057315
"2015-06-01",308,249,59,23603001,22822721,46425722,28,37,50,0,0,25,3,0,27,0,42,0,48,46,0,35,57,32,23,56,37,81,48,59,31,67,86,64,0,0,39,54,52,47,34,72,0,49,69,46,34,0,2,36,0.66342533132818,1.09101802541424,0.24996821378773
"2015-07-01",359,272,87,23586945,22797434,46384379,31,0,50,0,0,24,4,0,29,0,42,0,38,43,0,29,55,33,20,48,31,75,44,0,29,80,74,65,0,0,48,44,51,46,37,64,0,44,69,40,30,0,1,35,0.773967460036492,1.19311673410262,0.368848106441932
"2015-08-01",312,236,76,23586945,22797434,46384379,19,38,30,0,0,17,2,0,22,0,18,0,33,43,0,35,55,31,28,50,34,86,36,0,24,94,85,71,0,0,54,41,58,45,26,72,0,38,75,42,27,0,2,23,0.672640243820015,1.03520422517727,0.322212138960768
"2015-09-01",295,218,77,23586945,22797434,46384379,25,40,49,0,0,21,4,0,25,0,39,0,39,52,28,34,47,29,24,47,38,84,45,37,27,74,82,65,0,0,51,52,48,42,35,73,0,44,70,45,36,0,2,35,0.635989974124694,0.956247970714599,0.326451772368147
"2015-10-01",274,189,85,23586945,22797434,46384379,23,51,71,0,66,25,5,0,37,0,49,0,46,80,0,36,56,27,22,50,36,78,48,39,35,61,80,66,0,0,40,65,46,54,33,72,0,39,71,45,37,0,2,41,0.590716111559885,0.82904067185807,0.360368839627175
"2015-11-01",235,179,56,23586945,22797434,46384379,25,0,83,0,0,30,8,0,30,0,40,0,52,52,0,39,44,31,22,47,41,85,48,34,33,74,77,66,0,0,47,68,44,51,34,70,0,41,73,53,34,0,2,45,0.506636081082383,0.785176086045473,0.237419470813198
"2015-12-01",288,207,81,23586945,22797434,46384379,96,73,54,0,60,27,6,0,28,0,34,0,49,43,0,34,67,43,22,48,35,82,40,67,32,63,70,69,0,0,41,62,56,45,29,83,0,38,73,57,28,0,2,43,0.620898686603091,0.907996926320743,0.343410305997661
"2016-01-01",301,221,80,23612439,22806445,46418884,21,53,57,0,0,24,4,0,40,0,38,0,49,51,0,38,69,39,21,42,36,88,41,41,34,80,95,73,0,0,42,69,47,47,31,71,0,38,77,46,35,0,2,38,0.648442991434262,0.969024326237605,0.338804475048088
"2016-02-01",283,225,58,23612439,22806445,46418884,26,0,71,0,0,26,5,0,34,0,46,0,55,64,0,38,57,32,24,52,41,90,42,49,39,66,89,75,0,0,53,68,46,46,32,78,0,46,78,39,37,0,2,48,0.609665669687363,0.98656322806996,0.245633244409864
"2016-03-01",289,212,77,23612439,22806445,46418884,19,53,61,0,0,25,6,0,35,0,45,0,71,51,0,37,53,31,22,71,42,92,37,68,40,75,86,75,0,0,43,61,46,47,29,82,9,56,81,48,34,7,2,58,0.622591443602996,0.929561797114807,0.326099307233785
"2016-04-01",292,226,66,23612439,22806445,46418884,19,0,62,0,0,24,5,0,27,0,47,0,86,46,0,44,51,28,23,45,38,92,39,90,37,68,87,72,0,0,46,60,47,47,35,82,0,59,78,66,37,0,2,38,0.629054330560812,0.990947953528049,0.279513691914673
"2016-05-01",320,253,67,23612439,22806445,46418884,22,0,63,0,47,23,5,0,36,0,50,0,89,45,0,44,53,38,25,46,37,97,39,55,37,76,84,68,0,0,44,78,51,46,36,73,0,81,76,69,36,0,2,48,0.689374608833767,1.10933554089644,0.283748747852774
"2016-06-01",328,253,75,23612439,22806445,46418884,21,58,63,0,70,24,4,0,22,0,40,0,78,45,0,37,57,37,22,48,41,84,40,46,40,62,88,62,0,0,40,64,49,38,31,72,0,79,74,66,34,0,2,33,0.706608974054611,1.10933554089644,0.317629195357582
"2016-07-01",311,222,89,23622448,22804652,46427100,18,0,38,0,0,15,3,0,16,0,34,0,70,36,0,35,46,34,19,78,39,84,37,0,36,59,77,71,0,0,41,44,57,38,26,80,0,47,76,55,28,0,1,44,0.669867383489384,0.973485585309524,0.376760274803018
"2016-08-01",321,229,92,23622448,22804652,46427100,36,0,34,0,0,12,0,0,20,0,20,0,63,34,0,33,44,32,20,66,38,93,34,0,28,70,82,69,0,0,46,42,60,37,20,69,0,44,79,49,26,0,2,37,0.69140652765303,1.0041810767382,0.38946005934694
"2016-09-01",311,230,81,23622448,22804652,46427100,43,40,41,0,0,20,4,0,21,0,35,0,46,39,0,33,53,30,22,40,56,89,37,0,32,71,87,71,0,0,39,53,51,37,28,69,0,44,77,46,36,0,2,47,0.669867383489384,1.0085661469423,0.342894182685893
"2016-10-01",269,196,73,23622448,22804652,46427100,28,38,74,0,0,21,6,0,31,0,50,0,47,68,0,34,50,32,23,44,38,89,36,0,34,70,81,74,0,0,36,64,48,49,27,81,0,41,79,48,37,0,2,35,0.579402978002072,0.859473760003003,0.309028090568767
"2016-11-01",251,190,61,23622448,22804652,46427100,25,0,53,0,67,22,6,0,39,0,46,0,51,45,0,34,52,32,21,42,42,88,38,40,38,61,81,73,0,0,49,71,49,43,28,73,0,40,76,49,35,0,2,46,0.54063251850751,0.833163338778421,0.25822895239308
"2016-12-01",293,205,88,23622448,22804652,46427100,18,0,54,0,0,22,4,0,34,0,35,0,45,40,0,30,47,33,22,39,37,79,33,52,34,64,70,74,0,0,36,60,60,43,22,73,0,38,74,48,27,0,2,42,0.631096923994822,0.898939391839875,0.372527013288377
"2017-01-01",279,198,81,23666286,22831107,46497393,19,0,32,0,54,22,5,0,26,0,41,0,43,48,0,32,61,31,22,42,36,86,37,0,35,75,85,75,0,0,36,69,46,46,25,75,11,42,80,53,35,0,2,41,0.600033640595721,0.867237843526378,0.342259026194478
"2017-02-01",297,215,82,23666286,22831107,46497393,26,55,72,0,57,24,5,0,36,0,46,0,47,63,0,31,56,33,21,41,37,90,38,51,35,80,88,79,0,0,46,64,48,47,29,71,0,50,86,55,39,0,3,57,0.63874548837609,0.941697658374603,0.346484446270953
"2017-03-01",310,228,82,23666286,22831107,46497393,28,61,51,0,77,23,6,0,53,0,58,0,56,50,25,37,43,35,24,49,37,94,37,51,38,76,87,79,0,0,38,68,51,47,29,69,0,73,82,50,37,0,2,46,0.666704045106357,0.998637516787951,0.346484446270953
"2017-04-01",300,212,88,23666286,22831107,46497393,18,44,51,0,0,20,5,0,24,0,34,0,52,46,0,34,57,37,21,66,46,96,34,53,33,69,84,81,0,0,36,66,51,46,24,64,0,79,82,53,32,0,1,42,0.645197463006152,0.928557691048445,0.371836966729803
"2017-05-01",319,235,84,23666286,22831107,46497393,22,48,52,0,0,22,4,0,40,0,48,0,58,45,0,34,58,38,22,42,39,97,36,51,39,67,78,73,0,0,37,72,53,50,33,69,0,76,77,60,36,0,2,43,0.686059968996541,1.02929744054898,0.354935286423903
"2017-06-01",328,249,79,23666286,22831107,46497393,29,50,67,0,0,24,4,0,41,0,44,0,44,48,0,29,50,37,18,40,37,85,37,48,33,58,88,71,0,0,29,51,56,40,32,78,0,56,75,37,34,0,1,44,0.705415892886726,1.09061728807105,0.333808186041528
"2017-07-01",348,265,83,23678767,22831694,46510461,20,75,44,0,0,17,3,0,13,0,42,0,42,46,0,27,78,39,19,40,38,86,35,0,29,61,85,69,0,0,42,45,60,38,25,77,0,47,76,40,28,0,2,31,0.748218771686653,1.16066727243279,0.350525008333415
"2017-08-01",337,268,69,23678767,22831694,46510461,17,50,29,0,0,12,3,0,20,0,18,0,38,41,0,29,49,33,20,38,31,90,30,0,26,70,85,74,0,0,40,46,62,38,21,83,0,45,81,40,27,0,2,29,0.724568178328742,1.17380690193202,0.291400308132598
"2017-09-01",307,217,90,23678767,22831694,46510461,39,48,58,0,47,19,4,0,17,0,38,0,41,44,0,31,60,33,18,41,36,90,37,0,29,73,83,78,0,0,38,53,54,38,29,77,0,43,75,42,36,0,2,25,0.660066560079893,0.95043320044496,0.380087358433824
"2017-10-01",346,259,87,23678767,22831694,46510461,28,42,64,0,0,21,3,0,38,0,45,0,50,67,0,36,45,33,19,41,35,85,36,0,36,64,78,73,0,0,33,58,49,45,27,77,0,40,74,42,35,0,2,31,0.743918663803397,1.13438801343431,0.367417779819363
"2017-11-01",267,196,71,23678767,22831694,46510461,24,33,94,0,52,21,8,0,36,0,50,0,52,56,0,35,53,31,18,42,40,84,40,51,100,55,84,85,0,0,37,71,51,43,24,72,0,40,75,59,35,0,2,47,0.57406440241476,0.858455793950287,0.299846693875572
"2017-12-01",241,176,65,23678767,22831694,46510461,19,51,52,0,0,17,5,0,16,0,29,0,48,48,0,34,60,34,19,40,35,77,33,55,43,60,76,76,0,0,34,68,59,43,19,75,0,38,83,49,28,0,2,35,0.518162999932424,0.77085826395536,0.274507536646651
"2018-01-01",282,205,77,23755470,22889600,46645070,25,32,57,0,69,19,4,0,37,0,39,0,49,51,0,40,45,29,24,41,39,92,42,54,38,73,91,87,0,0,36,68,48,43,29,82,0,40,85,55,34,0,1,33,0.604565498561799,0.89560324339438,0.32413587270637
"2018-02-01",279,203,76,23755470,22889600,46645070,24,0,67,0,0,23,6,0,39,0,41,0,53,67,0,41,50,33,22,49,37,94,43,0,42,64,87,90,0,0,30,67,51,44,27,79,0,41,80,54,34,0,2,35,0.598133950704758,0.886865650775898,0.319926315917976
"2018-03-01",336,250,86,23755470,22889600,46645070,18,60,65,0,0,19,5,0,35,0,37,0,51,52,29,37,43,32,22,71,39,91,34,41,40,70,82,81,0,39,40,57,51,41,27,79,0,52,81,51,34,0,2,45,0.720333359988526,1.09219907731022,0.36202188380192
"2018-04-01",310,236,74,23755470,22889600,46645070,27,48,66,11,0,19,4,0,37,0,37,0,57,55,35,42,53,31,25,50,53,93,36,61,100,68,82,80,0,0,37,63,54,42,25,85,8,64,78,55,33,0,1,41,0.664593278560842,1.03103592898085,0.311507202341187
"2018-05-01",350,253,97,23755470,22889600,46645070,28,43,69,0,63,23,6,100,32,0,43,0,60,56,0,47,53,38,25,43,41,95,40,68,60,67,85,86,0,0,36,66,54,45,27,74,13,83,76,58,35,0,2,66,0.750347249988048,1.10530546623794,0.408327008474259
"2018-06-01",315,242,73,23755470,22889600,46645070,19,36,59,0,0,17,4,0,25,0,37,0,52,56,0,41,56,34,19,52,36,86,37,65,44,60,79,76,0,0,36,54,58,38,28,71,0,69,75,43,34,0,2,72,0.675312524989243,1.05724870683629,0.307297645552793
"2018-07-01",302,224,78,23794728,22920655,46715383,14,61,44,0,0,14,3,0,25,0,35,0,49,64,0,37,44,32,20,46,37,86,39,58,40,60,83,70,0,0,38,43,65,32,27,77,0,61,79,47,29,0,2,100,0.646467995349626,0.977284462420468,0.327803705089632
"2018-08-01",291,209,82,23794728,22920655,46715383,17,42,35,0,0,11,4,0,26,0,21,0,46,55,0,40,45,30,18,40,37,90,30,0,39,77,89,80,0,0,39,45,75,35,20,79,0,52,82,45,28,0,1,84,0.622921147836891,0.911841306454811,0.344614151504484
"2018-09-01",292,216,76,23794728,22920655,46715383,31,49,52,0,0,15,4,58,48,0,38,71,53,62,0,41,49,29,18,46,39,93,38,0,39,75,86,85,0,0,43,55,63,35,27,76,0,46,79,48,35,0,1,46,0.625061770338049,0.942381445905451,0.319398481882205
"2018-10-01",279,208,71,23794728,22920655,46715383,28,57,70,0,0,21,5,0,38,0,45,85,62,100,29,46,49,30,18,44,35,89,42,42,40,58,80,84,0,0,41,65,55,41,25,66,8,44,76,58,36,0,2,54,0.597233677822999,0.907478429390434,0.298385423863639
"2018-11-01",236,175,61,23794728,22920655,46715383,29,38,55,0,74,20,8,0,49,0,35,58,64,68,0,47,51,36,18,40,47,88,37,42,46,57,81,86,0,0,33,62,51,42,27,81,9,43,78,57,36,0,1,70,0.505186910273218,0.76350348626599,0.256359307826507
"2018-12-01",267,198,69,23794728,22920655,46715383,23,0,54,0,46,17,7,0,32,0,32,81,60,64,0,41,50,33,18,38,33,81,33,0,48,57,74,84,0,0,36,60,65,42,21,79,0,41,78,46,29,0,2,54,0.571546207809106,0.863849658746663,0.289980200656213
"2019-01-01",303,236,67,23902168,23016783,46918951,30,39,60,0,85,19,14,0,35,0,29,57,58,70,0,53,49,34,18,41,40,81,43,0,41,70,84,91,0,0,46,64,51,40,25,89,0,47,78,54,34,0,2,32,0.645794489309874,1.02533877127833,0.280309300813215
"2019-02-01",252,196,56,23902168,23016783,46918951,26,32,62,0,100,19,6,0,38,0,42,0,63,86,0,51,57,36,20,47,39,94,42,37,43,68,87,92,0,0,37,72,54,41,26,86,0,68,85,58,37,0,2,47,0.537096406950786,0.851552538858276,0.234288370828956
"2019-03-01",288,205,83,23902168,23016783,46918951,28,61,71,0,68,21,8,0,43,0,40,0,64,67,0,54,54,34,20,56,40,100,47,53,45,70,84,100,0,0,35,69,60,45,23,85,0,76,100,65,37,0,1,36,0.613824465086613,0.890654441152788,0.347248835335774
"2019-04-01",302,240,62,23902168,23016783,46918951,26,56,54,0,64,17,7,0,45,0,33,0,64,67,0,48,61,38,18,66,34,93,39,45,37,70,85,90,0,0,34,61,58,39,25,89,0,61,90,61,33,7,1,35,0.643663154361657,1.04271739452034,0.259390696274915
"2019-05-01",336,246,90,23902168,23016783,46918951,31,48,56,14,44,19,6,0,32,0,36,77,71,78,0,50,78,34,18,41,35,97,38,45,38,70,83,96,0,0,31,70,59,41,26,86,11,92,85,60,36,0,2,36,0.716128542601048,1.06878532938335,0.376534881689393
"2019-06-01",340,255,85,23902168,23016783,46918951,24,52,45,0,0,19,4,0,31,0,27,0,67,78,0,46,50,32,16,38,40,93,37,33,46,59,83,82,0,0,39,51,65,37,23,74,7,62,80,63,33,0,1,38,0.724653882393918,1.10788723167786,0.355616277151094
"2019-07-01",355,273,82,23986952,23100826,47087778,62,56,39,0,0,15,4,0,23,0,27,0,55,69,0,43,49,37,16,38,38,89,34,30,40,59,76,76,0,0,39,39,69,36,21,75,0,52,79,47,29,0,2,38,0.753911131674126,1.18177592437604,0.341852520486971
"2019-08-01",300,231,69,23986952,23100826,47087778,21,47,29,0,0,13,3,0,28,0,15,0,56,67,0,48,46,26,17,36,43,98,30,0,36,74,83,90,0,0,32,41,76,38,16,87,0,53,83,59,27,0,1,34,0.637107998597853,0.999964243702801,0.287656389190256
"2019-09-01",326,254,72,23986952,23100826,47087778,26,45,46,0,0,17,4,0,35,100,35,0,62,75,0,53,68,34,64,42,41,97,40,30,39,72,90,88,0,0,38,49,63,49,24,86,0,51,81,58,35,0,2,30,0.692324025143,1.0995277831191,0.300163188720268
"2019-10-01",297,221,76,23986952,23100826,47087778,15,51,74,0,43,19,6,48,30,96,41,46,65,100,0,53,55,32,18,41,35,92,39,32,55,60,81,88,0,0,33,58,56,43,27,84,7,46,76,58,37,0,2,30,0.630736918611874,0.956675748304411,0.316838921426949
"2019-11-01",287,208,79,23986952,23100826,47087778,18,58,65,0,91,19,8,0,39,0,39,54,66,73,0,56,44,28,20,40,34,91,38,0,92,57,84,83,0,0,36,65,55,47,24,76,0,46,78,67,35,0,2,46,0.609499985325279,0.900400704286505,0.32934572095696
"2019-12-01",285,206,79,23986952,23100826,47087778,19,44,38,0,45,16,6,0,28,0,31,0,62,75,0,55,63,31,20,39,34,90,32,43,64,55,100,85,0,0,31,57,72,39,18,71,8,39,82,62,27,0,2,38,0.60525259866796,0.891743005206827,0.32934572095696
